event_date,event_type,event_id,event_title,event_detail,project_id
2025-03-01,DOCUMENT,A001-PROC-INS-001-V1,A-001 Condition Inspection Procedure - Historical Version,SUPERSEDED / version 1.0,
2025-11-13,INSPECTION,INSP-0248,FUNCTIONAL_CHECK / LOW,Trend requires engineering evaluation. Recommendation: Open corrective work order and increase monitoring frequency.,
2025-11-18,PROJECT_START,P-021,Data Quality Improvement 21,"DATA_VALIDATION_SCOPE: Cooling Water asset included in the Engineering data-quality validation scope for Training Units A and B. Relationship is rule-based from system membership, not randomly assigned.",P-021
2025-11-22,WORK_ORDER_CREATED,WO-00096,INSPECTION / MEDIUM,Temperature trend exceeded expected operating band.,
2025-12-02,WORK_ORDER_CREATED,WO-00957,CORRECTIVE / MEDIUM,Temperature trend exceeded expected operating band.,
2025-12-15,WORK_ORDER_CREATED,WO-01423,CORRECTIVE / MEDIUM,Abnormal vibration observed during routine monitoring.,
2025-12-20,WORK_ORDER_COMPLETED,WO-00957,CORRECTIVE completed,Temperature trend exceeded expected operating band.,
2025-12-24,WORK_ORDER_CREATED,WO-00515,PREVENTIVE / HIGH,Temperature trend exceeded expected operating band.,
2026-01-17,WORK_ORDER_CREATED,WO-00215,CALIBRATION / MEDIUM,Intermittent noise reported by field team.,
2026-02-01,DOCUMENT,A001-PROC-INS-001-V2,A-001 Condition Inspection and Preventive Maintenance Procedure,APPROVED / version 2.0,
2026-02-01,MAINTENANCE,MH-0627,CALIBRATION,Completed as planned. Cost USD 8331.12,
2026-02-01,WORK_ORDER_COMPLETED,WO-00215,CALIBRATION completed,Intermittent noise reported by field team.,
2026-02-02,WORK_ORDER_CREATED,WO-00692,CORRECTIVE / MEDIUM,Abnormal vibration observed during routine monitoring.,
2026-02-21,WORK_ORDER_CREATED,WO-00898,CALIBRATION / MEDIUM,Temperature trend exceeded expected operating band.,
2026-02-23,WORK_ORDER_COMPLETED,WO-00692,CORRECTIVE completed,Abnormal vibration observed during routine monitoring.,
2026-03-07,WORK_ORDER_CREATED,WO-00335,CALIBRATION / LOW,Minor leakage indication requires inspection.,
2026-03-09,MAINTENANCE,MH-0863,CALIBRATION,Component adjusted and function checked. Cost USD 1750.18,
2026-03-09,WORK_ORDER_COMPLETED,WO-00898,CALIBRATION completed,Temperature trend exceeded expected operating band.,
2026-03-19,PROJECT_START,P-027,Supplier Performance Improvement 27,SUPPLIER_PERFORMANCE_SCOPE: Engineering asset included in the Fictional Dynamics supplier-performance cohort based on manufacturer and responsible department.,P-027
2026-03-26,WORK_ORDER_CREATED,WO-00665,CALIBRATION / HIGH,Abnormal vibration observed during routine monitoring.,
2026-04-05,INSPECTION,INSP-0316,VISUAL / MEDIUM,No significant degradation detected. Recommendation: Continue routine monitoring.,
2026-04-10,DOCUMENT,A001-TSG-001,A-001 Troubleshooting and Diagnostic Guide,APPROVED / version 1.2,
2026-04-11,MAINTENANCE,MH-0502,CALIBRATION,Completed as planned. Cost USD 6865.82,
2026-04-11,WORK_ORDER_COMPLETED,WO-00665,CALIBRATION completed,Abnormal vibration observed during routine monitoring.,
2026-04-12,MAINTENANCE,MH-0287,CALIBRATION,Documentation updated after review. Cost USD 2206.25,
2026-04-12,MAINTENANCE,MH-0708,CALIBRATION,Documentation updated after review. Cost USD 458.63,
2026-04-12,MAINTENANCE,MH-0812,CALIBRATION,Completed as planned. Cost USD 5780.77,
2026-04-12,WORK_ORDER_COMPLETED,WO-00335,CALIBRATION completed,Minor leakage indication requires inspection.,
2026-05-10,WORK_ORDER_CREATED,WO-00981,PREVENTIVE / HIGH,Temperature trend exceeded expected operating band.,
2026-05-15,DOCUMENT,A001-OPS-001,A-001 Operating and Usage Guide,APPROVED / version 1.4,
2026-05-15,WORK_ORDER_CREATED,WO-00608,PREVENTIVE / LOW,Temperature trend exceeded expected operating band.,
2026-05-16,INSPECTION,INSP-0332,VISUAL / NONE,No significant degradation detected. Recommendation: Continue routine monitoring.,
2026-06-09,INSPECTION,INSP-0304,FUNCTIONAL_CHECK / NONE,Documentation discrepancy observed. Recommendation: Verify current approved procedure before closure.,
2026-06-19,MAINTENANCE,MH-0124,PREVENTIVE,Component adjusted and function checked. Cost USD 4536.99,
2026-06-19,MAINTENANCE,MH-0234,PREVENTIVE,Documentation updated after review. Cost USD 1636.49,
2026-06-19,WORK_ORDER_COMPLETED,WO-00608,PREVENTIVE completed,Temperature trend exceeded expected operating band.,
2026-06-25,WORK_ORDER_CREATED,WO-01156,INSPECTION / MEDIUM,Instrument reading requires calibration verification.,
2026-07-01,DOCUMENT,REL-POL-001,Enterprise Asset Reliability and Escalation Policy,APPROVED / version 2.1,
2026-07-21,WORK_ORDER_CREATED,WO-01369,INSPECTION / LOW,Preventive maintenance interval reached.,
2026-08-19,DOCUMENT,CR-2026-0819-A001,Field Condition Report - A-001 Observation,APPROVED / version 1.0,
2026-08-20,DOCUMENT,A001-PROC-INS-001-V3D,A-001 Condition Inspection Procedure - Draft Revision,DRAFT / version 3.0-draft,
2026-08-20,PROJECT_START,P-029,A-001 Cooling Water Pump Reliability Improvement,"PRIMARY_SCOPE: Reliability improvement project created from the sustained vibration trend, declining health score, urgent inspection work order, and high-severity condition inspection.",P-029
2026-08-20,WORK_ORDER_CREATED,WO-00001,INSPECTION / URGENT,Rising vibration trend requires evidence-based inspection planning.,
2026-08-21,DOCUMENT,WO-2026-0817,Inspection Work Order - A-001 Elevated Vibration Review,OPEN / version 1.0,
2026-08-23,INSPECTION,INSP-0001,CONDITION_MONITORING / HIGH,"Vibration trend confirmed; source and progression require engineering review. Recommendation: Use the current approved inspection procedure, establish monitoring frequency, and obtain human approval before action.",
2026-08-25,DOCUMENT,A001-CMR-2026-08,A-001 Monthly Condition Monitoring Report - August 2026,APPROVED / version 1.0,
2026-08-28,MAINTENANCE,MH-0423,INSPECTION,Documentation updated after review. Cost USD 5823.76,
2026-08-28,MAINTENANCE,MH-0855,INSPECTION,Follow-up monitoring recommended. Cost USD 4903.12,
2026-08-28,WORK_ORDER_COMPLETED,WO-01369,INSPECTION completed,Preventive maintenance interval reached.,
