document_id,title,document_type,approval_status,version,effective_date,owner,source_file_name,entity_type,entity_id,relationship_type,evidence_date,notes
A001-CMR-2026-08,A-001 Monthly Condition Monitoring Report - August 2026,CONDITION_MONITORING_REPORT,APPROVED,1.0,2026-08-25,Condition Monitoring Team,07_A001-CMR-2026-08_Condition_Monitoring_Report(1).pdf,ASSET,A-001,APPLIES_TO,2026-08-25,Source document explicitly identifies A-001.
A001-CMR-2026-08,A-001 Monthly Condition Monitoring Report - August 2026,CONDITION_MONITORING_REPORT,APPROVED,1.0,2026-08-25,Condition Monitoring Team,07_A001-CMR-2026-08_Condition_Monitoring_Report(1).pdf,DOCUMENT,A001-PROC-INS-001-V2,RECOMMENDS_PROCEDURE,2026-08-25,Condition report recommends applying V2.
A001-CMR-2026-08,A-001 Monthly Condition Monitoring Report - August 2026,CONDITION_MONITORING_REPORT,APPROVED,1.0,2026-08-25,Condition Monitoring Team,07_A001-CMR-2026-08_Condition_Monitoring_Report(1).pdf,EXTERNAL_WORK_ORDER,WO-2026-0817,REPORTS_RELATED_WORK,2026-08-25,Condition monitoring report lists WO-2026-0817 as HIGH / OPEN.
A001-OPS-001,A-001 Operating and Usage Guide,OPERATING_GUIDE,APPROVED,1.4,2026-05-15,Utilities Engineering,02_A001-OPS-001_Operating_and_Usage_Guide(1).pdf,ASSET,A-001,APPLIES_TO,2026-05-15,Source document explicitly identifies A-001.
A001-PROC-INS-001-V1,A-001 Condition Inspection Procedure - Historical Version,PROCEDURE,SUPERSEDED,1.0,2025-03-01,Maintenance Engineering,03_A001-PROC-INS-001-V1_Superseded_Inspection_Procedure(1).pdf,ASSET,A-001,APPLIES_TO,2025-03-01,Source document explicitly identifies A-001.
A001-PROC-INS-001-V1,A-001 Condition Inspection Procedure - Historical Version,PROCEDURE,SUPERSEDED,1.0,2025-03-01,Maintenance Engineering,03_A001-PROC-INS-001-V1_Superseded_Inspection_Procedure(1).pdf,DOCUMENT,A001-PROC-INS-001-V2,SUPERSEDED_BY,2026-02-01,Historical V1 states it was superseded by V2.
A001-PROC-INS-001-V2,A-001 Condition Inspection and Preventive Maintenance Procedure,PROCEDURE,APPROVED,2.0,2026-02-01,Maintenance Engineering,04_A001-PROC-INS-001-V2_Approved_Inspection_and_PM_Procedure(1).pdf,ASSET,A-001,APPLIES_TO,2026-02-01,Source document explicitly identifies A-001.
A001-PROC-INS-001-V3D,A-001 Condition Inspection Procedure - Draft Revision,PROCEDURE,DRAFT,3.0-draft,2026-08-20,Maintenance Engineering,05_A001-PROC-INS-001-V3D_Draft_Procedure(1).pdf,ASSET,A-001,APPLIES_TO,2026-08-20,Source document explicitly identifies A-001.
A001-PROC-INS-001-V3D,A-001 Condition Inspection Procedure - Draft Revision,PROCEDURE,DRAFT,3.0-draft,2026-08-20,Maintenance Engineering,05_A001-PROC-INS-001-V3D_Draft_Procedure(1).pdf,DOCUMENT,A001-PROC-INS-001-V2,DRAFT_DOES_NOT_REPLACE,2026-08-20,Draft states V2 remains the authoritative procedure until approval.
A001-TSG-001,A-001 Troubleshooting and Diagnostic Guide,TROUBLESHOOTING_GUIDE,APPROVED,1.2,2026-04-10,Reliability Engineering,06_A001-TSG-001_Troubleshooting_and_Diagnostic_Guide(1).pdf,ASSET,A-001,APPLIES_TO,2026-04-10,Source document explicitly identifies A-001.
A001-TSG-001,A-001 Troubleshooting and Diagnostic Guide,TROUBLESHOOTING_GUIDE,APPROVED,1.2,2026-04-10,Reliability Engineering,06_A001-TSG-001_Troubleshooting_and_Diagnostic_Guide(1).pdf,DOCUMENT,A001-PROC-INS-001-V2,REFERS_TO_CURRENT_PROCEDURE,2026-04-10,Troubleshooting guide directs formal workflow questions to V2.
CR-2026-0819-A001,Field Condition Report - A-001 Observation,CONDITION_REPORT,APPROVED,1.0,2026-08-19,Operations Support,09_CR-2026-0819_A001_Field_Condition_Report(1).pdf,ASSET,A-001,APPLIES_TO,2026-08-19,Source document explicitly identifies A-001.
CR-2026-0819-A001,Field Condition Report - A-001 Observation,CONDITION_REPORT,APPROVED,1.0,2026-08-19,Operations Support,09_CR-2026-0819_A001_Field_Condition_Report(1).pdf,EXTERNAL_WORK_ORDER,WO-2026-0817,FOLLOWED_BY,2026-08-19,Field condition report states later analysis led to WO-2026-0817.
REL-POL-001,Enterprise Asset Reliability and Escalation Policy,POLICY,APPROVED,2.1,2026-07-01,Reliability Governance Office,01_REL-POL-001_Enterprise_Asset_Reliability_and_Escalation_Policy(1).pdf,ASSET,A-001,APPLIES_TO,2026-07-01,Source document explicitly identifies A-001.
WO-2026-0817,Inspection Work Order - A-001 Elevated Vibration Review,WORK_ORDER_DOCUMENT,OPEN,1.0,2026-08-21,Maintenance Planning,08_WO-2026-0817_A001_Inspection_Work_Order(1).pdf,ASSET,A-001,APPLIES_TO,2026-08-21,Source document explicitly identifies A-001.
WO-2026-0817,Inspection Work Order - A-001 Elevated Vibration Review,WORK_ORDER_DOCUMENT,OPEN,1.0,2026-08-21,Maintenance Planning,08_WO-2026-0817_A001_Inspection_Work_Order(1).pdf,DOCUMENT,A001-CMR-2026-08,REFERENCES,2026-08-21,Work-order PDF references the August condition monitoring report.
WO-2026-0817,Inspection Work Order - A-001 Elevated Vibration Review,WORK_ORDER_DOCUMENT,OPEN,1.0,2026-08-21,Maintenance Planning,08_WO-2026-0817_A001_Inspection_Work_Order(1).pdf,DOCUMENT,A001-PROC-INS-001-V2,REFERENCES,2026-08-21,Work-order PDF requires the approved V2 workflow.
WO-2026-0817,Inspection Work Order - A-001 Elevated Vibration Review,WORK_ORDER_DOCUMENT,OPEN,1.0,2026-08-21,Maintenance Planning,08_WO-2026-0817_A001_Inspection_Work_Order(1).pdf,DOCUMENT,REL-POL-001,REFERENCES,2026-08-21,Work-order PDF references the reliability/escalation policy.
