asset_id,asset_name,criticality,project_id,project_name,project_status,risk_id,risk_category,probability,impact,exposure_score,risk_status,evidence_basis
A-001,Pump 001,HIGH,P-021,Data Quality Improvement 21,ON_TRACK,R-0020,TECHNOLOGY,5,4,20,MITIGATING,
A-001,Pump 001,HIGH,P-021,Data Quality Improvement 21,ON_TRACK,R-0077,DATA,4,1,4,OPEN,"A-001 anchor history contains 31/1820 non-GOOD quality records (1.70%), so it is explicitly used as a validation asset for the P-021 data-quality risk."
A-001,Pump 001,HIGH,P-021,Data Quality Improvement 21,ON_TRACK,R-0084,COST,2,5,10,CLOSED,
A-001,Pump 001,HIGH,P-021,Data Quality Improvement 21,ON_TRACK,R-0107,QUALITY,5,5,25,ACCEPTED,
A-001,Pump 001,HIGH,P-021,Data Quality Improvement 21,ON_TRACK,R-0144,PEOPLE,3,2,6,CLOSED,
A-001,Pump 001,HIGH,P-021,Data Quality Improvement 21,ON_TRACK,R-0157,COST,2,1,2,OPEN,
A-001,Pump 001,HIGH,P-021,Data Quality Improvement 21,ON_TRACK,R-0166,DATA,5,4,20,CLOSED,
A-001,Pump 001,HIGH,P-021,Data Quality Improvement 21,ON_TRACK,R-0254,DATA,2,2,4,CLOSED,
A-001,Pump 001,HIGH,P-021,Data Quality Improvement 21,ON_TRACK,R-0269,TECHNOLOGY,3,1,3,ACCEPTED,
A-001,Pump 001,HIGH,P-021,Data Quality Improvement 21,ON_TRACK,R-0345,PEOPLE,4,1,4,MITIGATING,
A-001,Pump 001,HIGH,P-021,Data Quality Improvement 21,ON_TRACK,R-0359,PEOPLE,5,5,25,CLOSED,
A-001,Pump 001,HIGH,P-021,Data Quality Improvement 21,ON_TRACK,R-0409,PEOPLE,1,3,3,MITIGATING,
A-001,Pump 001,HIGH,P-021,Data Quality Improvement 21,ON_TRACK,R-0413,COST,4,5,20,OPEN,
A-001,Pump 001,HIGH,P-027,Supplier Performance Improvement 27,ON_TRACK,R-0022,COST,1,4,4,MITIGATING,
A-001,Pump 001,HIGH,P-027,Supplier Performance Improvement 27,ON_TRACK,R-0024,SCHEDULE,3,4,12,MITIGATING,
A-001,Pump 001,HIGH,P-027,Supplier Performance Improvement 27,ON_TRACK,R-0042,SCHEDULE,5,2,10,CLOSED,
A-001,Pump 001,HIGH,P-027,Supplier Performance Improvement 27,ON_TRACK,R-0056,TECHNOLOGY,3,3,9,CLOSED,
A-001,Pump 001,HIGH,P-027,Supplier Performance Improvement 27,ON_TRACK,R-0058,COST,2,4,8,MITIGATING,
A-001,Pump 001,HIGH,P-027,Supplier Performance Improvement 27,ON_TRACK,R-0093,PEOPLE,5,1,5,OPEN,
A-001,Pump 001,HIGH,P-027,Supplier Performance Improvement 27,ON_TRACK,R-0101,COST,5,2,10,MITIGATING,
A-001,Pump 001,HIGH,P-027,Supplier Performance Improvement 27,ON_TRACK,R-0229,COST,5,1,5,ACCEPTED,
A-001,Pump 001,HIGH,P-027,Supplier Performance Improvement 27,ON_TRACK,R-0261,SCHEDULE,3,4,12,ACCEPTED,
A-001,Pump 001,HIGH,P-027,Supplier Performance Improvement 27,ON_TRACK,R-0278,TECHNOLOGY,4,3,12,CLOSED,
A-001,Pump 001,HIGH,P-027,Supplier Performance Improvement 27,ON_TRACK,R-0284,TECHNOLOGY,4,5,20,OPEN,
A-001,Pump 001,HIGH,P-027,Supplier Performance Improvement 27,ON_TRACK,R-0320,PEOPLE,2,1,2,CLOSED,
A-001,Pump 001,HIGH,P-027,Supplier Performance Improvement 27,ON_TRACK,R-0373,COST,1,5,5,OPEN,
A-001,Pump 001,HIGH,P-027,Supplier Performance Improvement 27,ON_TRACK,R-0394,TECHNOLOGY,2,5,10,MITIGATING,
A-001,Pump 001,HIGH,P-027,Supplier Performance Improvement 27,ON_TRACK,R-0398,QUALITY,2,5,10,OPEN,
A-001,Pump 001,HIGH,P-027,Supplier Performance Improvement 27,ON_TRACK,R-0399,SCHEDULE,1,2,2,MITIGATING,
A-001,Pump 001,HIGH,P-027,Supplier Performance Improvement 27,ON_TRACK,R-0407,QUALITY,3,1,3,OPEN,
A-001,Pump 001,HIGH,P-029,A-001 Cooling Water Pump Reliability Improvement,AT_RISK,R-0421,ASSET_RELIABILITY,5,4,20,MITIGATING,Last 7 days: 23/28 sensor readings flagged anomalous (82.14%); latest health score 68.05; inspection INSP-0001 severity HIGH.
A-001,Pump 001,HIGH,P-029,A-001 Cooling Water Pump Reliability Improvement,AT_RISK,R-0422,MAINTENANCE_EXECUTION,4,3,12,MITIGATING,"7/14 A-001 work orders were open, deferred, in progress, or not completed by the 2026-08-25 snapshot (50.00%)."
A-001,Pump 001,HIGH,P-029,A-001 Cooling Water Pump Reliability Improvement,AT_RISK,R-0423,DOCUMENT_CONTROL,3,3,9,MITIGATING,A-001 has an approved V2 procedure alongside superseded V1 and draft V3; INSP-0001 explicitly recommends using the current approved procedure.
