document_id,title,document_type,approval_status,version,effective_date,owner,asset_id,source_file_name,package_path
A001-CMR-2026-08,A-001 Monthly Condition Monitoring Report - August 2026,CONDITION_MONITORING_REPORT,APPROVED,1.0,2026-08-25,Condition Monitoring Team,A-001,07_A001-CMR-2026-08_Condition_Monitoring_Report(1).pdf,documents/a001/07_A001-CMR-2026-08_Condition_Monitoring_Report(1).pdf
A001-OPS-001,A-001 Operating and Usage Guide,OPERATING_GUIDE,APPROVED,1.4,2026-05-15,Utilities Engineering,A-001,02_A001-OPS-001_Operating_and_Usage_Guide(1).pdf,documents/a001/02_A001-OPS-001_Operating_and_Usage_Guide(1).pdf
A001-PROC-INS-001-V1,A-001 Condition Inspection Procedure - Historical Version,PROCEDURE,SUPERSEDED,1.0,2025-03-01,Maintenance Engineering,A-001,03_A001-PROC-INS-001-V1_Superseded_Inspection_Procedure(1).pdf,documents/a001/03_A001-PROC-INS-001-V1_Superseded_Inspection_Procedure(1).pdf
A001-PROC-INS-001-V2,A-001 Condition Inspection and Preventive Maintenance Procedure,PROCEDURE,APPROVED,2.0,2026-02-01,Maintenance Engineering,A-001,04_A001-PROC-INS-001-V2_Approved_Inspection_and_PM_Procedure(1).pdf,documents/a001/04_A001-PROC-INS-001-V2_Approved_Inspection_and_PM_Procedure(1).pdf
A001-PROC-INS-001-V3D,A-001 Condition Inspection Procedure - Draft Revision,PROCEDURE,DRAFT,3.0-draft,2026-08-20,Maintenance Engineering,A-001,05_A001-PROC-INS-001-V3D_Draft_Procedure(1).pdf,documents/a001/05_A001-PROC-INS-001-V3D_Draft_Procedure(1).pdf
A001-TSG-001,A-001 Troubleshooting and Diagnostic Guide,TROUBLESHOOTING_GUIDE,APPROVED,1.2,2026-04-10,Reliability Engineering,A-001,06_A001-TSG-001_Troubleshooting_and_Diagnostic_Guide(1).pdf,documents/a001/06_A001-TSG-001_Troubleshooting_and_Diagnostic_Guide(1).pdf
CR-2026-0819-A001,Field Condition Report - A-001 Observation,CONDITION_REPORT,APPROVED,1.0,2026-08-19,Operations Support,A-001,09_CR-2026-0819_A001_Field_Condition_Report(1).pdf,documents/a001/09_CR-2026-0819_A001_Field_Condition_Report(1).pdf
REL-POL-001,Enterprise Asset Reliability and Escalation Policy,POLICY,APPROVED,2.1,2026-07-01,Reliability Governance Office,A-001,01_REL-POL-001_Enterprise_Asset_Reliability_and_Escalation_Policy(1).pdf,documents/a001/01_REL-POL-001_Enterprise_Asset_Reliability_and_Escalation_Policy(1).pdf
WO-2026-0817,Inspection Work Order - A-001 Elevated Vibration Review,WORK_ORDER_DOCUMENT,OPEN,1.0,2026-08-21,Maintenance Planning,A-001,08_WO-2026-0817_A001_Inspection_Work_Order(1).pdf,documents/a001/08_WO-2026-0817_A001_Inspection_Work_Order(1).pdf
