asset_id,system_id,asset_name,asset_type,criticality,manufacturer,installation_date,status,maintenance_interval_days
A-001,TRN-A-SYS-01,Pump 001,Pump,HIGH,Fictional Dynamics,2019-05-30,IN_SERVICE,365
A-002,TRN-A-SYS-01,Motor 002,Motor,HIGH,Fictional Dynamics,2021-05-23,IN_SERVICE,90
A-003,TRN-A-SYS-01,Valve 003,Valve,MEDIUM,SimuTech,2021-02-01,IN_SERVICE,180
A-004,TRN-A-SYS-01,Heat Exchanger 004,Heat Exchanger,LOW,TrainingWorks,2019-03-19,IN_SERVICE,365
A-005,TRN-A-SYS-01,Fan 005,Fan,LOW,Demo Industrial,2021-10-02,IN_SERVICE,90
A-006,TRN-A-SYS-01,Compressor 006,Compressor,HIGH,Demo Industrial,2021-12-20,IN_SERVICE,180
A-007,TRN-A-SYS-01,Transformer 007,Transformer,MEDIUM,Fictional Dynamics,2022-02-18,IN_SERVICE,180
A-008,TRN-A-SYS-01,Filter 008,Filter,HIGH,SimuTech,2021-09-29,IN_SERVICE,90
A-009,TRN-A-SYS-02,Pump 009,Pump,LOW,TrainingWorks,2018-02-21,IN_SERVICE,180
A-010,TRN-A-SYS-02,Motor 010,Motor,HIGH,TrainingWorks,2022-03-08,IN_SERVICE,90
A-011,TRN-A-SYS-02,Valve 011,Valve,MEDIUM,Fictional Dynamics,2022-07-27,IN_SERVICE,180
A-012,TRN-A-SYS-02,Heat Exchanger 012,Heat Exchanger,HIGH,Fictional Dynamics,2019-12-13,IN_SERVICE,120
A-013,TRN-A-SYS-02,Fan 013,Fan,LOW,SimuTech,2018-07-29,IN_SERVICE,365
A-014,TRN-A-SYS-02,Compressor 014,Compressor,MEDIUM,Demo Industrial,2019-09-25,IN_SERVICE,365
A-015,TRN-A-SYS-02,Transformer 015,Transformer,LOW,Demo Industrial,2018-01-15,IN_SERVICE,90
A-016,TRN-A-SYS-02,Filter 016,Filter,LOW,SimuTech,2019-09-16,IN_SERVICE,180
A-017,TRN-A-SYS-03,Pump 017,Pump,HIGH,Fictional Dynamics,2019-05-24,IN_SERVICE,365
A-018,TRN-A-SYS-03,Motor 018,Motor,MEDIUM,TrainingWorks,2018-01-23,MAINTENANCE,180
A-019,TRN-A-SYS-03,Valve 019,Valve,MEDIUM,Fictional Dynamics,2022-02-02,IN_SERVICE,120
A-020,TRN-A-SYS-03,Heat Exchanger 020,Heat Exchanger,LOW,SimuTech,2021-05-15,IN_SERVICE,180
A-021,TRN-A-SYS-03,Fan 021,Fan,MEDIUM,Fictional Dynamics,2022-05-29,MONITOR,120
A-022,TRN-A-SYS-03,Compressor 022,Compressor,HIGH,SimuTech,2020-11-08,IN_SERVICE,90
A-023,TRN-A-SYS-03,Transformer 023,Transformer,MEDIUM,TrainingWorks,2020-07-22,IN_SERVICE,120
A-024,TRN-A-SYS-03,Filter 024,Filter,HIGH,SimuTech,2018-01-03,IN_SERVICE,180
A-025,TRN-A-SYS-04,Pump 025,Pump,MEDIUM,SimuTech,2021-09-05,IN_SERVICE,120
A-026,TRN-A-SYS-04,Motor 026,Motor,MEDIUM,Demo Industrial,2018-03-22,IN_SERVICE,365
A-027,TRN-A-SYS-04,Valve 027,Valve,MEDIUM,TrainingWorks,2020-08-02,MONITOR,90
A-028,TRN-A-SYS-04,Heat Exchanger 028,Heat Exchanger,MEDIUM,SimuTech,2019-11-25,IN_SERVICE,120
A-029,TRN-A-SYS-04,Fan 029,Fan,MEDIUM,Demo Industrial,2021-03-19,IN_SERVICE,365
A-030,TRN-A-SYS-04,Compressor 030,Compressor,MEDIUM,TrainingWorks,2018-09-08,IN_SERVICE,365
A-031,TRN-A-SYS-04,Transformer 031,Transformer,MEDIUM,Fictional Dynamics,2018-04-07,IN_SERVICE,120
A-032,TRN-A-SYS-04,Filter 032,Filter,LOW,Fictional Dynamics,2021-08-04,MONITOR,180
A-033,TRN-B-SYS-01,Pump 033,Pump,HIGH,SimuTech,2022-03-29,IN_SERVICE,120
A-034,TRN-B-SYS-01,Motor 034,Motor,MEDIUM,Demo Industrial,2020-08-19,IN_SERVICE,180
A-035,TRN-B-SYS-01,Valve 035,Valve,MEDIUM,TrainingWorks,2021-12-22,IN_SERVICE,365
A-036,TRN-B-SYS-01,Heat Exchanger 036,Heat Exchanger,HIGH,TrainingWorks,2018-06-02,IN_SERVICE,120
A-037,TRN-B-SYS-01,Fan 037,Fan,HIGH,Fictional Dynamics,2018-12-07,MONITOR,180
A-038,TRN-B-SYS-01,Compressor 038,Compressor,MEDIUM,TrainingWorks,2018-03-20,IN_SERVICE,120
A-039,TRN-B-SYS-01,Transformer 039,Transformer,MEDIUM,Demo Industrial,2018-12-27,IN_SERVICE,90
A-040,TRN-B-SYS-01,Filter 040,Filter,HIGH,TrainingWorks,2020-11-25,IN_SERVICE,120
A-041,TRN-B-SYS-02,Pump 041,Pump,HIGH,Demo Industrial,2021-03-05,IN_SERVICE,120
A-042,TRN-B-SYS-02,Motor 042,Motor,MEDIUM,SimuTech,2021-04-23,IN_SERVICE,120
A-043,TRN-B-SYS-02,Valve 043,Valve,LOW,Fictional Dynamics,2019-07-24,IN_SERVICE,180
A-044,TRN-B-SYS-02,Heat Exchanger 044,Heat Exchanger,HIGH,Demo Industrial,2019-05-21,MAINTENANCE,180
A-045,TRN-B-SYS-02,Fan 045,Fan,MEDIUM,SimuTech,2018-12-22,IN_SERVICE,180
A-046,TRN-B-SYS-02,Compressor 046,Compressor,MEDIUM,SimuTech,2019-07-15,MONITOR,120
A-047,TRN-B-SYS-02,Transformer 047,Transformer,LOW,Demo Industrial,2022-08-02,IN_SERVICE,365
A-048,TRN-B-SYS-02,Filter 048,Filter,LOW,Demo Industrial,2020-08-06,IN_SERVICE,365
A-049,TRN-B-SYS-03,Pump 049,Pump,LOW,TrainingWorks,2020-08-03,IN_SERVICE,365
A-050,TRN-B-SYS-03,Motor 050,Motor,HIGH,Fictional Dynamics,2022-08-26,IN_SERVICE,365
A-051,TRN-B-SYS-03,Valve 051,Valve,MEDIUM,TrainingWorks,2019-04-16,IN_SERVICE,90
A-052,TRN-B-SYS-03,Heat Exchanger 052,Heat Exchanger,HIGH,SimuTech,2020-08-23,IN_SERVICE,180
A-053,TRN-B-SYS-03,Fan 053,Fan,MEDIUM,TrainingWorks,2019-01-20,IN_SERVICE,365
A-054,TRN-B-SYS-03,Compressor 054,Compressor,LOW,TrainingWorks,2020-01-04,IN_SERVICE,120
A-055,TRN-B-SYS-03,Transformer 055,Transformer,MEDIUM,Fictional Dynamics,2021-03-01,IN_SERVICE,90
A-056,TRN-B-SYS-03,Filter 056,Filter,MEDIUM,SimuTech,2021-03-29,MONITOR,120
A-057,TRN-B-SYS-04,Pump 057,Pump,MEDIUM,TrainingWorks,2018-07-14,MONITOR,365
A-058,TRN-B-SYS-04,Motor 058,Motor,HIGH,Fictional Dynamics,2020-01-03,IN_SERVICE,90
A-059,TRN-B-SYS-04,Valve 059,Valve,LOW,Demo Industrial,2020-12-09,IN_SERVICE,90
A-060,TRN-B-SYS-04,Heat Exchanger 060,Heat Exchanger,LOW,TrainingWorks,2022-08-11,MONITOR,90
A-061,TRN-B-SYS-04,Fan 061,Fan,MEDIUM,Fictional Dynamics,2022-04-28,IN_SERVICE,90
A-062,TRN-B-SYS-04,Compressor 062,Compressor,HIGH,TrainingWorks,2021-01-17,IN_SERVICE,180
A-063,TRN-B-SYS-04,Transformer 063,Transformer,HIGH,Fictional Dynamics,2019-01-27,MAINTENANCE,90
A-064,TRN-B-SYS-04,Filter 064,Filter,MEDIUM,Fictional Dynamics,2020-04-02,IN_SERVICE,365
A-065,TRN-C-SYS-01,Pump 065,Pump,HIGH,SimuTech,2021-05-16,IN_SERVICE,90
A-066,TRN-C-SYS-01,Motor 066,Motor,MEDIUM,Fictional Dynamics,2018-08-05,IN_SERVICE,120
A-067,TRN-C-SYS-01,Valve 067,Valve,MEDIUM,TrainingWorks,2022-07-01,IN_SERVICE,365
A-068,TRN-C-SYS-01,Heat Exchanger 068,Heat Exchanger,LOW,SimuTech,2018-06-26,IN_SERVICE,90
A-069,TRN-C-SYS-01,Fan 069,Fan,LOW,Demo Industrial,2022-07-08,IN_SERVICE,365
A-070,TRN-C-SYS-01,Compressor 070,Compressor,HIGH,Demo Industrial,2018-08-15,IN_SERVICE,365
A-071,TRN-C-SYS-01,Transformer 071,Transformer,LOW,Fictional Dynamics,2018-05-15,IN_SERVICE,90
A-072,TRN-C-SYS-01,Filter 072,Filter,LOW,TrainingWorks,2021-02-17,IN_SERVICE,365
A-073,TRN-C-SYS-02,Pump 073,Pump,MEDIUM,Demo Industrial,2018-11-17,IN_SERVICE,365
A-074,TRN-C-SYS-02,Motor 074,Motor,MEDIUM,SimuTech,2019-10-09,IN_SERVICE,365
A-075,TRN-C-SYS-02,Valve 075,Valve,MEDIUM,SimuTech,2018-05-06,IN_SERVICE,180
A-076,TRN-C-SYS-02,Heat Exchanger 076,Heat Exchanger,MEDIUM,TrainingWorks,2021-01-24,IN_SERVICE,90
A-077,TRN-C-SYS-02,Fan 077,Fan,MEDIUM,TrainingWorks,2020-10-09,IN_SERVICE,180
A-078,TRN-C-SYS-02,Compressor 078,Compressor,MEDIUM,SimuTech,2018-03-29,IN_SERVICE,180
A-079,TRN-C-SYS-02,Transformer 079,Transformer,MEDIUM,Demo Industrial,2022-06-25,IN_SERVICE,180
A-080,TRN-C-SYS-02,Filter 080,Filter,LOW,Demo Industrial,2021-02-09,IN_SERVICE,180
A-081,TRN-C-SYS-03,Pump 081,Pump,MEDIUM,SimuTech,2021-01-11,IN_SERVICE,90
A-082,TRN-C-SYS-03,Motor 082,Motor,HIGH,SimuTech,2020-12-19,IN_SERVICE,180
A-083,TRN-C-SYS-03,Valve 083,Valve,MEDIUM,SimuTech,2018-08-15,IN_SERVICE,90
A-084,TRN-C-SYS-03,Heat Exchanger 084,Heat Exchanger,LOW,SimuTech,2021-06-14,IN_SERVICE,120
A-085,TRN-C-SYS-03,Fan 085,Fan,MEDIUM,TrainingWorks,2022-02-20,IN_SERVICE,180
A-086,TRN-C-SYS-03,Compressor 086,Compressor,HIGH,Fictional Dynamics,2019-10-23,IN_SERVICE,180
A-087,TRN-C-SYS-03,Transformer 087,Transformer,MEDIUM,Fictional Dynamics,2018-05-25,MAINTENANCE,120
A-088,TRN-C-SYS-03,Filter 088,Filter,MEDIUM,Demo Industrial,2022-07-31,IN_SERVICE,180
A-089,TRN-C-SYS-04,Pump 089,Pump,HIGH,Demo Industrial,2019-02-28,IN_SERVICE,120
A-090,TRN-C-SYS-04,Motor 090,Motor,MEDIUM,Fictional Dynamics,2018-11-06,IN_SERVICE,120
A-091,TRN-C-SYS-04,Valve 091,Valve,HIGH,SimuTech,2022-06-15,IN_SERVICE,365
A-092,TRN-C-SYS-04,Heat Exchanger 092,Heat Exchanger,HIGH,SimuTech,2019-05-11,IN_SERVICE,365
A-093,TRN-C-SYS-04,Fan 093,Fan,MEDIUM,Demo Industrial,2019-12-07,IN_SERVICE,365
A-094,TRN-C-SYS-04,Compressor 094,Compressor,HIGH,Fictional Dynamics,2019-07-18,IN_SERVICE,120
A-095,TRN-C-SYS-04,Transformer 095,Transformer,MEDIUM,Fictional Dynamics,2018-12-02,IN_SERVICE,90
A-096,TRN-C-SYS-04,Filter 096,Filter,MEDIUM,Fictional Dynamics,2019-10-07,IN_SERVICE,365
A-097,TRN-D-SYS-01,Pump 097,Pump,HIGH,TrainingWorks,2019-07-04,IN_SERVICE,365
A-098,TRN-D-SYS-01,Motor 098,Motor,HIGH,TrainingWorks,2022-07-28,IN_SERVICE,90
A-099,TRN-D-SYS-01,Valve 099,Valve,MEDIUM,Fictional Dynamics,2018-02-20,IN_SERVICE,120
A-100,TRN-D-SYS-01,Heat Exchanger 100,Heat Exchanger,MEDIUM,Demo Industrial,2021-05-01,MONITOR,120
A-101,TRN-D-SYS-01,Fan 101,Fan,LOW,SimuTech,2021-07-27,IN_SERVICE,90
A-102,TRN-D-SYS-01,Compressor 102,Compressor,HIGH,SimuTech,2020-09-19,IN_SERVICE,180
A-103,TRN-D-SYS-01,Transformer 103,Transformer,MEDIUM,TrainingWorks,2020-04-21,IN_SERVICE,365
A-104,TRN-D-SYS-01,Filter 104,Filter,LOW,SimuTech,2020-03-20,IN_SERVICE,180
A-105,TRN-D-SYS-02,Pump 105,Pump,MEDIUM,TrainingWorks,2018-07-14,IN_SERVICE,180
A-106,TRN-D-SYS-02,Motor 106,Motor,MEDIUM,TrainingWorks,2018-09-12,IN_SERVICE,365
A-107,TRN-D-SYS-02,Valve 107,Valve,MEDIUM,Fictional Dynamics,2020-04-05,IN_SERVICE,180
A-108,TRN-D-SYS-02,Heat Exchanger 108,Heat Exchanger,MEDIUM,Fictional Dynamics,2019-12-17,IN_SERVICE,120
A-109,TRN-D-SYS-02,Fan 109,Fan,HIGH,Demo Industrial,2019-01-19,IN_SERVICE,90
A-110,TRN-D-SYS-02,Compressor 110,Compressor,HIGH,TrainingWorks,2019-08-08,IN_SERVICE,180
A-111,TRN-D-SYS-02,Transformer 111,Transformer,MEDIUM,Fictional Dynamics,2021-06-07,IN_SERVICE,365
A-112,TRN-D-SYS-02,Filter 112,Filter,MEDIUM,Demo Industrial,2018-04-29,IN_SERVICE,365
A-113,TRN-D-SYS-03,Pump 113,Pump,MEDIUM,Demo Industrial,2022-06-04,IN_SERVICE,365
A-114,TRN-D-SYS-03,Motor 114,Motor,MEDIUM,TrainingWorks,2022-03-07,MONITOR,120
A-115,TRN-D-SYS-03,Valve 115,Valve,HIGH,SimuTech,2021-06-19,IN_SERVICE,365
A-116,TRN-D-SYS-03,Heat Exchanger 116,Heat Exchanger,MEDIUM,Demo Industrial,2021-01-21,IN_SERVICE,180
A-117,TRN-D-SYS-03,Fan 117,Fan,MEDIUM,Demo Industrial,2021-04-10,IN_SERVICE,90
A-118,TRN-D-SYS-03,Compressor 118,Compressor,LOW,TrainingWorks,2018-01-20,IN_SERVICE,365
A-119,TRN-D-SYS-03,Transformer 119,Transformer,LOW,Fictional Dynamics,2021-06-07,IN_SERVICE,120
A-120,TRN-D-SYS-03,Filter 120,Filter,MEDIUM,SimuTech,2020-11-08,IN_SERVICE,120
A-121,TRN-D-SYS-04,Pump 121,Pump,HIGH,Demo Industrial,2020-01-16,IN_SERVICE,120
A-122,TRN-D-SYS-04,Motor 122,Motor,HIGH,Fictional Dynamics,2021-10-07,IN_SERVICE,180
A-123,TRN-D-SYS-04,Valve 123,Valve,LOW,SimuTech,2022-06-22,IN_SERVICE,90
A-124,TRN-D-SYS-04,Heat Exchanger 124,Heat Exchanger,LOW,Demo Industrial,2020-09-12,IN_SERVICE,365
A-125,TRN-D-SYS-04,Fan 125,Fan,MEDIUM,Fictional Dynamics,2018-11-01,MONITOR,120
A-126,TRN-D-SYS-04,Compressor 126,Compressor,LOW,Demo Industrial,2020-06-02,IN_SERVICE,180
A-127,TRN-D-SYS-04,Transformer 127,Transformer,MEDIUM,TrainingWorks,2020-08-07,MONITOR,365
A-128,TRN-D-SYS-04,Filter 128,Filter,HIGH,SimuTech,2021-07-13,IN_SERVICE,180
