inspection_id,asset_id,inspection_date,inspection_type,finding,severity,inspector_employee_id,recommendation,follow_up_required
INSP-0001,A-001,2026-08-23,CONDITION_MONITORING,Vibration trend confirmed; source and progression require engineering review.,HIGH,E-010,"Use the current approved inspection procedure, establish monitoring frequency, and obtain human approval before action.",1
INSP-0002,A-059,2026-03-07,DOCUMENT_REVIEW,Documentation discrepancy observed.,NONE,E-214,Verify current approved procedure before closure.,0
INSP-0003,A-075,2026-03-02,DOCUMENT_REVIEW,Minor surface condition noted.,MEDIUM,E-012,Reinspect during next planned window.,1
INSP-0004,A-045,2025-09-05,VISUAL,Minor surface condition noted.,MEDIUM,E-174,Reinspect during next planned window.,1
INSP-0005,A-086,2025-10-31,FUNCTIONAL_CHECK,Trend requires engineering evaluation.,MEDIUM,E-016,Open corrective work order and increase monitoring frequency.,1
INSP-0006,A-108,2026-01-28,FUNCTIONAL_CHECK,Minor surface condition noted.,LOW,E-209,Reinspect during next planned window.,0
INSP-0007,A-088,2025-09-01,CONDITION_MONITORING,Documentation discrepancy observed.,MEDIUM,E-216,Verify current approved procedure before closure.,1
INSP-0008,A-109,2026-07-18,VISUAL,Documentation discrepancy observed.,LOW,E-034,Verify current approved procedure before closure.,0
INSP-0009,A-053,2026-08-07,FUNCTIONAL_CHECK,No significant degradation detected.,LOW,E-051,Continue routine monitoring.,0
INSP-0010,A-103,2025-11-13,VISUAL,Trend requires engineering evaluation.,MEDIUM,E-137,Open corrective work order and increase monitoring frequency.,1
INSP-0011,A-116,2025-09-18,DOCUMENT_REVIEW,No significant degradation detected.,LOW,E-201,Continue routine monitoring.,0
INSP-0012,A-111,2025-12-16,DOCUMENT_REVIEW,Trend requires engineering evaluation.,MEDIUM,E-075,Open corrective work order and increase monitoring frequency.,1
INSP-0013,A-096,2025-09-16,VISUAL,Minor surface condition noted.,NONE,E-154,Reinspect during next planned window.,0
INSP-0014,A-036,2026-01-09,FUNCTIONAL_CHECK,No significant degradation detected.,MEDIUM,E-085,Continue routine monitoring.,1
INSP-0015,A-061,2026-04-22,VISUAL,Trend requires engineering evaluation.,LOW,E-212,Open corrective work order and increase monitoring frequency.,0
INSP-0016,A-039,2025-09-19,FUNCTIONAL_CHECK,Trend requires engineering evaluation.,MEDIUM,E-098,Open corrective work order and increase monitoring frequency.,1
INSP-0017,A-113,2026-07-24,DOCUMENT_REVIEW,Documentation discrepancy observed.,MEDIUM,E-071,Verify current approved procedure before closure.,1
INSP-0018,A-086,2025-12-30,DOCUMENT_REVIEW,Minor surface condition noted.,MEDIUM,E-096,Reinspect during next planned window.,1
INSP-0019,A-098,2025-11-08,VISUAL,No significant degradation detected.,LOW,E-004,Continue routine monitoring.,0
INSP-0020,A-065,2026-04-14,VISUAL,Trend requires engineering evaluation.,NONE,E-218,Open corrective work order and increase monitoring frequency.,0
INSP-0021,A-108,2026-04-15,FUNCTIONAL_CHECK,Trend requires engineering evaluation.,NONE,E-046,Open corrective work order and increase monitoring frequency.,0
INSP-0022,A-071,2026-04-16,DOCUMENT_REVIEW,Minor surface condition noted.,MEDIUM,E-182,Reinspect during next planned window.,1
INSP-0023,A-033,2026-04-25,FUNCTIONAL_CHECK,Minor surface condition noted.,LOW,E-155,Reinspect during next planned window.,0
INSP-0024,A-069,2025-09-02,CONDITION_MONITORING,Minor surface condition noted.,MEDIUM,E-217,Reinspect during next planned window.,1
INSP-0025,A-042,2026-06-29,CONDITION_MONITORING,Minor surface condition noted.,LOW,E-117,Reinspect during next planned window.,0
INSP-0026,A-019,2026-05-11,CONDITION_MONITORING,No significant degradation detected.,LOW,E-192,Continue routine monitoring.,0
INSP-0027,A-104,2026-08-12,DOCUMENT_REVIEW,Documentation discrepancy observed.,NONE,E-233,Verify current approved procedure before closure.,0
INSP-0028,A-099,2026-01-05,FUNCTIONAL_CHECK,Minor surface condition noted.,LOW,E-191,Reinspect during next planned window.,0
INSP-0029,A-081,2025-12-06,DOCUMENT_REVIEW,Documentation discrepancy observed.,MEDIUM,E-129,Verify current approved procedure before closure.,1
INSP-0030,A-082,2026-01-08,DOCUMENT_REVIEW,Minor surface condition noted.,MEDIUM,E-015,Reinspect during next planned window.,1
INSP-0031,A-070,2026-01-13,VISUAL,No significant degradation detected.,NONE,E-188,Continue routine monitoring.,0
INSP-0032,A-124,2026-02-17,FUNCTIONAL_CHECK,Documentation discrepancy observed.,MEDIUM,E-043,Verify current approved procedure before closure.,1
INSP-0033,A-007,2025-12-27,VISUAL,Trend requires engineering evaluation.,MEDIUM,E-078,Open corrective work order and increase monitoring frequency.,1
INSP-0034,A-015,2026-08-03,VISUAL,Trend requires engineering evaluation.,MEDIUM,E-004,Open corrective work order and increase monitoring frequency.,1
INSP-0035,A-064,2026-08-14,CONDITION_MONITORING,Trend requires engineering evaluation.,LOW,E-197,Open corrective work order and increase monitoring frequency.,0
INSP-0036,A-057,2026-06-30,VISUAL,Trend requires engineering evaluation.,HIGH,E-176,Open corrective work order and increase monitoring frequency.,1
INSP-0037,A-113,2026-02-08,VISUAL,Trend requires engineering evaluation.,MEDIUM,E-121,Open corrective work order and increase monitoring frequency.,1
INSP-0038,A-109,2025-12-31,DOCUMENT_REVIEW,Minor surface condition noted.,NONE,E-015,Reinspect during next planned window.,0
INSP-0039,A-108,2026-01-31,DOCUMENT_REVIEW,No significant degradation detected.,NONE,E-155,Continue routine monitoring.,0
INSP-0040,A-081,2025-11-27,VISUAL,Minor surface condition noted.,MEDIUM,E-048,Reinspect during next planned window.,1
INSP-0041,A-104,2025-09-14,FUNCTIONAL_CHECK,No significant degradation detected.,NONE,E-054,Continue routine monitoring.,0
INSP-0042,A-051,2025-10-27,CONDITION_MONITORING,Documentation discrepancy observed.,NONE,E-165,Verify current approved procedure before closure.,0
INSP-0043,A-030,2025-09-02,CONDITION_MONITORING,Documentation discrepancy observed.,LOW,E-094,Verify current approved procedure before closure.,0
INSP-0044,A-051,2025-10-08,DOCUMENT_REVIEW,Trend requires engineering evaluation.,MEDIUM,E-216,Open corrective work order and increase monitoring frequency.,1
INSP-0045,A-096,2025-12-03,CONDITION_MONITORING,Documentation discrepancy observed.,LOW,E-060,Verify current approved procedure before closure.,0
INSP-0046,A-117,2026-03-28,VISUAL,Documentation discrepancy observed.,MEDIUM,E-144,Verify current approved procedure before closure.,1
INSP-0047,A-081,2025-09-16,FUNCTIONAL_CHECK,Documentation discrepancy observed.,NONE,E-112,Verify current approved procedure before closure.,0
INSP-0048,A-003,2025-11-18,FUNCTIONAL_CHECK,Minor surface condition noted.,HIGH,E-200,Reinspect during next planned window.,1
INSP-0049,A-007,2026-07-03,CONDITION_MONITORING,Minor surface condition noted.,HIGH,E-193,Reinspect during next planned window.,1
INSP-0050,A-118,2026-04-29,FUNCTIONAL_CHECK,Minor surface condition noted.,NONE,E-005,Reinspect during next planned window.,0
INSP-0051,A-100,2026-08-16,VISUAL,Documentation discrepancy observed.,LOW,E-175,Verify current approved procedure before closure.,0
INSP-0052,A-065,2026-07-01,DOCUMENT_REVIEW,Documentation discrepancy observed.,LOW,E-174,Verify current approved procedure before closure.,0
INSP-0053,A-097,2026-04-01,CONDITION_MONITORING,No significant degradation detected.,MEDIUM,E-057,Continue routine monitoring.,1
INSP-0054,A-118,2026-07-29,VISUAL,Trend requires engineering evaluation.,HIGH,E-059,Open corrective work order and increase monitoring frequency.,1
INSP-0055,A-034,2025-11-25,CONDITION_MONITORING,Trend requires engineering evaluation.,LOW,E-035,Open corrective work order and increase monitoring frequency.,0
INSP-0056,A-115,2026-02-07,CONDITION_MONITORING,Trend requires engineering evaluation.,HIGH,E-058,Open corrective work order and increase monitoring frequency.,1
INSP-0057,A-034,2025-11-29,VISUAL,Documentation discrepancy observed.,LOW,E-238,Verify current approved procedure before closure.,0
INSP-0058,A-040,2025-11-05,DOCUMENT_REVIEW,Documentation discrepancy observed.,NONE,E-040,Verify current approved procedure before closure.,0
INSP-0059,A-106,2026-03-05,FUNCTIONAL_CHECK,Trend requires engineering evaluation.,MEDIUM,E-210,Open corrective work order and increase monitoring frequency.,1
INSP-0060,A-003,2025-09-02,DOCUMENT_REVIEW,No significant degradation detected.,NONE,E-190,Continue routine monitoring.,0
INSP-0061,A-068,2026-06-10,DOCUMENT_REVIEW,Trend requires engineering evaluation.,LOW,E-100,Open corrective work order and increase monitoring frequency.,0
INSP-0062,A-076,2025-10-12,CONDITION_MONITORING,Documentation discrepancy observed.,LOW,E-037,Verify current approved procedure before closure.,0
INSP-0063,A-068,2026-01-02,CONDITION_MONITORING,Trend requires engineering evaluation.,HIGH,E-161,Open corrective work order and increase monitoring frequency.,1
INSP-0064,A-026,2026-07-02,DOCUMENT_REVIEW,Documentation discrepancy observed.,NONE,E-117,Verify current approved procedure before closure.,0
INSP-0065,A-073,2025-12-07,VISUAL,Trend requires engineering evaluation.,NONE,E-042,Open corrective work order and increase monitoring frequency.,0
INSP-0066,A-044,2026-04-04,FUNCTIONAL_CHECK,Minor surface condition noted.,MEDIUM,E-153,Reinspect during next planned window.,1
INSP-0067,A-108,2026-01-02,DOCUMENT_REVIEW,Documentation discrepancy observed.,MEDIUM,E-006,Verify current approved procedure before closure.,1
INSP-0068,A-008,2025-10-28,DOCUMENT_REVIEW,Documentation discrepancy observed.,NONE,E-164,Verify current approved procedure before closure.,0
INSP-0069,A-115,2026-03-10,CONDITION_MONITORING,Minor surface condition noted.,LOW,E-072,Reinspect during next planned window.,0
INSP-0070,A-065,2026-08-08,VISUAL,Documentation discrepancy observed.,NONE,E-229,Verify current approved procedure before closure.,0
INSP-0071,A-068,2026-07-11,CONDITION_MONITORING,Minor surface condition noted.,NONE,E-104,Reinspect during next planned window.,0
INSP-0072,A-058,2026-04-06,FUNCTIONAL_CHECK,Documentation discrepancy observed.,NONE,E-165,Verify current approved procedure before closure.,0
INSP-0073,A-018,2025-10-21,DOCUMENT_REVIEW,Trend requires engineering evaluation.,NONE,E-186,Open corrective work order and increase monitoring frequency.,0
INSP-0074,A-123,2026-02-08,FUNCTIONAL_CHECK,Minor surface condition noted.,LOW,E-150,Reinspect during next planned window.,0
INSP-0075,A-009,2026-05-05,VISUAL,Documentation discrepancy observed.,NONE,E-207,Verify current approved procedure before closure.,0
INSP-0076,A-057,2025-12-16,CONDITION_MONITORING,Trend requires engineering evaluation.,NONE,E-018,Open corrective work order and increase monitoring frequency.,0
INSP-0077,A-108,2026-01-25,DOCUMENT_REVIEW,Trend requires engineering evaluation.,LOW,E-116,Open corrective work order and increase monitoring frequency.,0
INSP-0078,A-091,2025-09-02,CONDITION_MONITORING,Minor surface condition noted.,HIGH,E-200,Reinspect during next planned window.,1
INSP-0079,A-052,2026-01-29,VISUAL,Documentation discrepancy observed.,MEDIUM,E-117,Verify current approved procedure before closure.,1
INSP-0080,A-052,2025-11-15,VISUAL,No significant degradation detected.,NONE,E-176,Continue routine monitoring.,0
INSP-0081,A-047,2026-05-14,DOCUMENT_REVIEW,Trend requires engineering evaluation.,NONE,E-049,Open corrective work order and increase monitoring frequency.,0
INSP-0082,A-034,2026-07-31,VISUAL,Minor surface condition noted.,NONE,E-240,Reinspect during next planned window.,0
INSP-0083,A-058,2025-11-05,CONDITION_MONITORING,Minor surface condition noted.,LOW,E-166,Reinspect during next planned window.,0
INSP-0084,A-018,2025-12-25,CONDITION_MONITORING,Minor surface condition noted.,MEDIUM,E-146,Reinspect during next planned window.,1
INSP-0085,A-047,2026-04-13,FUNCTIONAL_CHECK,Documentation discrepancy observed.,MEDIUM,E-236,Verify current approved procedure before closure.,1
INSP-0086,A-128,2026-07-09,FUNCTIONAL_CHECK,Documentation discrepancy observed.,LOW,E-185,Verify current approved procedure before closure.,0
INSP-0087,A-024,2026-05-17,DOCUMENT_REVIEW,Documentation discrepancy observed.,NONE,E-206,Verify current approved procedure before closure.,0
INSP-0088,A-092,2026-07-02,CONDITION_MONITORING,Documentation discrepancy observed.,LOW,E-003,Verify current approved procedure before closure.,0
INSP-0089,A-050,2025-12-17,FUNCTIONAL_CHECK,Documentation discrepancy observed.,LOW,E-146,Verify current approved procedure before closure.,0
INSP-0090,A-063,2025-11-13,CONDITION_MONITORING,No significant degradation detected.,NONE,E-134,Continue routine monitoring.,0
INSP-0091,A-110,2026-05-05,FUNCTIONAL_CHECK,Trend requires engineering evaluation.,LOW,E-206,Open corrective work order and increase monitoring frequency.,0
INSP-0092,A-085,2025-12-11,DOCUMENT_REVIEW,No significant degradation detected.,LOW,E-160,Continue routine monitoring.,0
INSP-0093,A-099,2025-10-16,VISUAL,Minor surface condition noted.,NONE,E-149,Reinspect during next planned window.,0
INSP-0094,A-040,2026-05-13,FUNCTIONAL_CHECK,Minor surface condition noted.,MEDIUM,E-126,Reinspect during next planned window.,1
INSP-0095,A-066,2026-07-28,CONDITION_MONITORING,No significant degradation detected.,LOW,E-128,Continue routine monitoring.,0
INSP-0096,A-024,2026-07-23,VISUAL,No significant degradation detected.,LOW,E-119,Continue routine monitoring.,0
INSP-0097,A-111,2025-12-01,VISUAL,Documentation discrepancy observed.,NONE,E-024,Verify current approved procedure before closure.,0
INSP-0098,A-124,2025-09-03,CONDITION_MONITORING,Minor surface condition noted.,HIGH,E-036,Reinspect during next planned window.,1
INSP-0099,A-035,2025-12-08,DOCUMENT_REVIEW,Trend requires engineering evaluation.,HIGH,E-112,Open corrective work order and increase monitoring frequency.,1
INSP-0100,A-111,2026-08-13,VISUAL,Documentation discrepancy observed.,LOW,E-088,Verify current approved procedure before closure.,0
INSP-0101,A-091,2026-04-04,VISUAL,Documentation discrepancy observed.,MEDIUM,E-042,Verify current approved procedure before closure.,1
INSP-0102,A-038,2025-09-21,FUNCTIONAL_CHECK,Trend requires engineering evaluation.,MEDIUM,E-227,Open corrective work order and increase monitoring frequency.,1
INSP-0103,A-003,2026-08-06,FUNCTIONAL_CHECK,No significant degradation detected.,MEDIUM,E-168,Continue routine monitoring.,1
INSP-0104,A-058,2026-02-13,VISUAL,Minor surface condition noted.,NONE,E-024,Reinspect during next planned window.,0
INSP-0105,A-048,2026-03-05,FUNCTIONAL_CHECK,Trend requires engineering evaluation.,NONE,E-097,Open corrective work order and increase monitoring frequency.,0
INSP-0106,A-092,2026-03-24,FUNCTIONAL_CHECK,Minor surface condition noted.,LOW,E-172,Reinspect during next planned window.,0
INSP-0107,A-004,2026-02-05,FUNCTIONAL_CHECK,Documentation discrepancy observed.,NONE,E-043,Verify current approved procedure before closure.,0
INSP-0108,A-042,2026-05-17,DOCUMENT_REVIEW,No significant degradation detected.,MEDIUM,E-077,Continue routine monitoring.,1
INSP-0109,A-103,2025-10-09,FUNCTIONAL_CHECK,No significant degradation detected.,LOW,E-180,Continue routine monitoring.,0
INSP-0110,A-079,2026-06-06,DOCUMENT_REVIEW,No significant degradation detected.,MEDIUM,E-147,Continue routine monitoring.,1
INSP-0111,A-011,2026-08-19,FUNCTIONAL_CHECK,Documentation discrepancy observed.,NONE,E-068,Verify current approved procedure before closure.,0
INSP-0112,A-105,2025-09-27,DOCUMENT_REVIEW,Trend requires engineering evaluation.,LOW,E-034,Open corrective work order and increase monitoring frequency.,0
INSP-0113,A-126,2026-07-25,VISUAL,Trend requires engineering evaluation.,NONE,E-120,Open corrective work order and increase monitoring frequency.,0
INSP-0114,A-028,2026-02-24,CONDITION_MONITORING,No significant degradation detected.,MEDIUM,E-231,Continue routine monitoring.,1
INSP-0115,A-084,2025-09-08,FUNCTIONAL_CHECK,Documentation discrepancy observed.,NONE,E-134,Verify current approved procedure before closure.,0
INSP-0116,A-113,2026-06-07,CONDITION_MONITORING,Trend requires engineering evaluation.,NONE,E-151,Open corrective work order and increase monitoring frequency.,0
INSP-0117,A-123,2025-12-24,DOCUMENT_REVIEW,Trend requires engineering evaluation.,LOW,E-045,Open corrective work order and increase monitoring frequency.,0
INSP-0118,A-126,2026-06-11,CONDITION_MONITORING,Trend requires engineering evaluation.,NONE,E-236,Open corrective work order and increase monitoring frequency.,0
INSP-0119,A-105,2025-10-10,DOCUMENT_REVIEW,Minor surface condition noted.,NONE,E-203,Reinspect during next planned window.,0
INSP-0120,A-023,2026-06-13,DOCUMENT_REVIEW,Trend requires engineering evaluation.,MEDIUM,E-140,Open corrective work order and increase monitoring frequency.,1
INSP-0121,A-073,2026-07-13,CONDITION_MONITORING,Minor surface condition noted.,NONE,E-091,Reinspect during next planned window.,0
INSP-0122,A-072,2026-05-05,FUNCTIONAL_CHECK,Trend requires engineering evaluation.,LOW,E-151,Open corrective work order and increase monitoring frequency.,0
INSP-0123,A-004,2026-06-29,FUNCTIONAL_CHECK,Minor surface condition noted.,LOW,E-084,Reinspect during next planned window.,0
INSP-0124,A-117,2026-05-11,FUNCTIONAL_CHECK,Documentation discrepancy observed.,MEDIUM,E-238,Verify current approved procedure before closure.,1
INSP-0125,A-031,2026-01-17,CONDITION_MONITORING,Minor surface condition noted.,NONE,E-139,Reinspect during next planned window.,0
INSP-0126,A-094,2026-01-09,CONDITION_MONITORING,Documentation discrepancy observed.,LOW,E-213,Verify current approved procedure before closure.,0
INSP-0127,A-007,2026-01-13,DOCUMENT_REVIEW,Trend requires engineering evaluation.,NONE,E-093,Open corrective work order and increase monitoring frequency.,0
INSP-0128,A-087,2026-03-05,FUNCTIONAL_CHECK,Documentation discrepancy observed.,MEDIUM,E-154,Verify current approved procedure before closure.,1
INSP-0129,A-089,2026-07-17,VISUAL,Minor surface condition noted.,NONE,E-101,Reinspect during next planned window.,0
INSP-0130,A-076,2026-04-15,FUNCTIONAL_CHECK,Documentation discrepancy observed.,MEDIUM,E-213,Verify current approved procedure before closure.,1
INSP-0131,A-035,2026-06-21,FUNCTIONAL_CHECK,No significant degradation detected.,HIGH,E-168,Continue routine monitoring.,1
INSP-0132,A-011,2026-06-28,VISUAL,Minor surface condition noted.,NONE,E-238,Reinspect during next planned window.,0
INSP-0133,A-107,2026-05-27,FUNCTIONAL_CHECK,Minor surface condition noted.,LOW,E-140,Reinspect during next planned window.,0
INSP-0134,A-024,2025-10-11,VISUAL,No significant degradation detected.,NONE,E-065,Continue routine monitoring.,0
INSP-0135,A-094,2026-06-13,FUNCTIONAL_CHECK,Minor surface condition noted.,NONE,E-028,Reinspect during next planned window.,0
INSP-0136,A-071,2026-06-29,FUNCTIONAL_CHECK,Documentation discrepancy observed.,LOW,E-020,Verify current approved procedure before closure.,0
INSP-0137,A-053,2026-06-22,VISUAL,No significant degradation detected.,NONE,E-024,Continue routine monitoring.,0
INSP-0138,A-049,2025-11-16,DOCUMENT_REVIEW,Minor surface condition noted.,NONE,E-225,Reinspect during next planned window.,0
INSP-0139,A-054,2025-10-20,FUNCTIONAL_CHECK,Minor surface condition noted.,NONE,E-208,Reinspect during next planned window.,0
INSP-0140,A-038,2026-05-17,FUNCTIONAL_CHECK,Trend requires engineering evaluation.,MEDIUM,E-100,Open corrective work order and increase monitoring frequency.,1
INSP-0141,A-126,2026-01-29,VISUAL,Documentation discrepancy observed.,MEDIUM,E-120,Verify current approved procedure before closure.,1
INSP-0142,A-018,2025-11-23,VISUAL,Trend requires engineering evaluation.,NONE,E-101,Open corrective work order and increase monitoring frequency.,0
INSP-0143,A-113,2025-09-01,DOCUMENT_REVIEW,Minor surface condition noted.,MEDIUM,E-143,Reinspect during next planned window.,1
INSP-0144,A-062,2025-10-13,CONDITION_MONITORING,Trend requires engineering evaluation.,LOW,E-136,Open corrective work order and increase monitoring frequency.,0
INSP-0145,A-026,2025-12-29,DOCUMENT_REVIEW,Documentation discrepancy observed.,NONE,E-213,Verify current approved procedure before closure.,0
INSP-0146,A-101,2026-04-07,DOCUMENT_REVIEW,Documentation discrepancy observed.,HIGH,E-196,Verify current approved procedure before closure.,1
INSP-0147,A-071,2025-10-14,VISUAL,Documentation discrepancy observed.,HIGH,E-112,Verify current approved procedure before closure.,1
INSP-0148,A-100,2025-11-10,FUNCTIONAL_CHECK,Minor surface condition noted.,LOW,E-159,Reinspect during next planned window.,0
INSP-0149,A-022,2026-03-03,FUNCTIONAL_CHECK,Trend requires engineering evaluation.,NONE,E-075,Open corrective work order and increase monitoring frequency.,0
INSP-0150,A-085,2026-07-05,DOCUMENT_REVIEW,No significant degradation detected.,MEDIUM,E-189,Continue routine monitoring.,1
INSP-0151,A-115,2025-09-26,FUNCTIONAL_CHECK,Minor surface condition noted.,LOW,E-070,Reinspect during next planned window.,0
INSP-0152,A-059,2026-04-16,VISUAL,Documentation discrepancy observed.,LOW,E-030,Verify current approved procedure before closure.,0
INSP-0153,A-125,2026-04-03,FUNCTIONAL_CHECK,Trend requires engineering evaluation.,LOW,E-067,Open corrective work order and increase monitoring frequency.,0
INSP-0154,A-116,2026-04-23,FUNCTIONAL_CHECK,No significant degradation detected.,LOW,E-209,Continue routine monitoring.,0
INSP-0155,A-065,2025-12-14,DOCUMENT_REVIEW,Minor surface condition noted.,LOW,E-050,Reinspect during next planned window.,0
INSP-0156,A-027,2026-05-06,DOCUMENT_REVIEW,Documentation discrepancy observed.,NONE,E-146,Verify current approved procedure before closure.,0
INSP-0157,A-116,2025-11-24,CONDITION_MONITORING,Documentation discrepancy observed.,MEDIUM,E-130,Verify current approved procedure before closure.,1
INSP-0158,A-127,2026-05-31,VISUAL,Minor surface condition noted.,LOW,E-186,Reinspect during next planned window.,0
INSP-0159,A-090,2026-06-27,VISUAL,Documentation discrepancy observed.,MEDIUM,E-074,Verify current approved procedure before closure.,1
INSP-0160,A-088,2026-01-11,CONDITION_MONITORING,Documentation discrepancy observed.,MEDIUM,E-035,Verify current approved procedure before closure.,1
INSP-0161,A-112,2026-02-10,FUNCTIONAL_CHECK,Trend requires engineering evaluation.,MEDIUM,E-106,Open corrective work order and increase monitoring frequency.,1
INSP-0162,A-061,2025-11-17,FUNCTIONAL_CHECK,Trend requires engineering evaluation.,NONE,E-166,Open corrective work order and increase monitoring frequency.,0
INSP-0163,A-041,2025-12-01,CONDITION_MONITORING,Documentation discrepancy observed.,LOW,E-222,Verify current approved procedure before closure.,0
INSP-0164,A-072,2025-10-19,FUNCTIONAL_CHECK,Minor surface condition noted.,NONE,E-007,Reinspect during next planned window.,0
INSP-0165,A-110,2025-10-21,CONDITION_MONITORING,Trend requires engineering evaluation.,LOW,E-096,Open corrective work order and increase monitoring frequency.,0
INSP-0166,A-010,2026-02-23,VISUAL,Documentation discrepancy observed.,MEDIUM,E-196,Verify current approved procedure before closure.,1
INSP-0167,A-038,2026-07-08,FUNCTIONAL_CHECK,No significant degradation detected.,LOW,E-009,Continue routine monitoring.,0
INSP-0168,A-119,2025-12-20,CONDITION_MONITORING,No significant degradation detected.,NONE,E-109,Continue routine monitoring.,0
INSP-0169,A-029,2026-01-19,CONDITION_MONITORING,Trend requires engineering evaluation.,NONE,E-039,Open corrective work order and increase monitoring frequency.,0
INSP-0170,A-036,2025-09-17,FUNCTIONAL_CHECK,No significant degradation detected.,NONE,E-210,Continue routine monitoring.,0
INSP-0171,A-066,2026-06-25,CONDITION_MONITORING,Minor surface condition noted.,NONE,E-004,Reinspect during next planned window.,0
INSP-0172,A-061,2025-12-30,DOCUMENT_REVIEW,Documentation discrepancy observed.,NONE,E-088,Verify current approved procedure before closure.,0
INSP-0173,A-081,2025-09-05,FUNCTIONAL_CHECK,No significant degradation detected.,NONE,E-158,Continue routine monitoring.,0
INSP-0174,A-010,2025-11-13,FUNCTIONAL_CHECK,Trend requires engineering evaluation.,MEDIUM,E-006,Open corrective work order and increase monitoring frequency.,1
INSP-0175,A-053,2026-02-17,FUNCTIONAL_CHECK,Documentation discrepancy observed.,MEDIUM,E-125,Verify current approved procedure before closure.,1
INSP-0176,A-100,2026-02-01,VISUAL,Trend requires engineering evaluation.,NONE,E-135,Open corrective work order and increase monitoring frequency.,0
INSP-0177,A-090,2025-08-31,CONDITION_MONITORING,Documentation discrepancy observed.,LOW,E-211,Verify current approved procedure before closure.,0
INSP-0178,A-017,2025-10-22,FUNCTIONAL_CHECK,No significant degradation detected.,LOW,E-210,Continue routine monitoring.,0
INSP-0179,A-019,2025-11-14,VISUAL,Minor surface condition noted.,LOW,E-050,Reinspect during next planned window.,0
INSP-0180,A-122,2026-02-20,DOCUMENT_REVIEW,No significant degradation detected.,MEDIUM,E-089,Continue routine monitoring.,1
INSP-0181,A-033,2026-03-15,CONDITION_MONITORING,No significant degradation detected.,NONE,E-173,Continue routine monitoring.,0
INSP-0182,A-111,2026-06-26,VISUAL,No significant degradation detected.,NONE,E-182,Continue routine monitoring.,0
INSP-0183,A-052,2026-05-22,CONDITION_MONITORING,No significant degradation detected.,HIGH,E-044,Continue routine monitoring.,1
INSP-0184,A-060,2025-10-19,DOCUMENT_REVIEW,Minor surface condition noted.,HIGH,E-228,Reinspect during next planned window.,1
INSP-0185,A-089,2026-01-26,CONDITION_MONITORING,Documentation discrepancy observed.,MEDIUM,E-063,Verify current approved procedure before closure.,1
INSP-0186,A-002,2025-11-24,CONDITION_MONITORING,Trend requires engineering evaluation.,MEDIUM,E-115,Open corrective work order and increase monitoring frequency.,1
INSP-0187,A-039,2026-05-15,CONDITION_MONITORING,Documentation discrepancy observed.,LOW,E-011,Verify current approved procedure before closure.,0
INSP-0188,A-090,2026-01-01,DOCUMENT_REVIEW,Documentation discrepancy observed.,MEDIUM,E-023,Verify current approved procedure before closure.,1
INSP-0189,A-111,2026-07-13,DOCUMENT_REVIEW,Trend requires engineering evaluation.,MEDIUM,E-049,Open corrective work order and increase monitoring frequency.,1
INSP-0190,A-030,2026-01-30,CONDITION_MONITORING,Documentation discrepancy observed.,MEDIUM,E-135,Verify current approved procedure before closure.,1
INSP-0191,A-057,2025-10-31,CONDITION_MONITORING,No significant degradation detected.,NONE,E-169,Continue routine monitoring.,0
INSP-0192,A-030,2025-09-09,DOCUMENT_REVIEW,No significant degradation detected.,NONE,E-024,Continue routine monitoring.,0
INSP-0193,A-124,2026-07-09,DOCUMENT_REVIEW,Trend requires engineering evaluation.,NONE,E-082,Open corrective work order and increase monitoring frequency.,0
INSP-0194,A-037,2025-09-14,CONDITION_MONITORING,No significant degradation detected.,LOW,E-011,Continue routine monitoring.,0
INSP-0195,A-116,2025-12-13,DOCUMENT_REVIEW,Minor surface condition noted.,NONE,E-148,Reinspect during next planned window.,0
INSP-0196,A-010,2025-11-16,VISUAL,Documentation discrepancy observed.,LOW,E-025,Verify current approved procedure before closure.,0
INSP-0197,A-055,2026-07-04,FUNCTIONAL_CHECK,Trend requires engineering evaluation.,LOW,E-070,Open corrective work order and increase monitoring frequency.,0
INSP-0198,A-110,2025-11-04,CONDITION_MONITORING,No significant degradation detected.,LOW,E-130,Continue routine monitoring.,0
INSP-0199,A-087,2026-02-10,VISUAL,Documentation discrepancy observed.,HIGH,E-114,Verify current approved procedure before closure.,1
INSP-0200,A-033,2026-02-07,VISUAL,Minor surface condition noted.,MEDIUM,E-067,Reinspect during next planned window.,1
INSP-0201,A-049,2026-08-01,VISUAL,No significant degradation detected.,NONE,E-070,Continue routine monitoring.,0
INSP-0202,A-030,2026-02-05,DOCUMENT_REVIEW,Minor surface condition noted.,LOW,E-151,Reinspect during next planned window.,0
INSP-0203,A-077,2026-07-10,FUNCTIONAL_CHECK,Minor surface condition noted.,NONE,E-050,Reinspect during next planned window.,0
INSP-0204,A-043,2025-10-22,DOCUMENT_REVIEW,No significant degradation detected.,NONE,E-151,Continue routine monitoring.,0
INSP-0205,A-055,2026-05-14,VISUAL,Minor surface condition noted.,LOW,E-198,Reinspect during next planned window.,0
INSP-0206,A-019,2025-12-28,CONDITION_MONITORING,Minor surface condition noted.,LOW,E-151,Reinspect during next planned window.,0
INSP-0207,A-037,2025-10-26,FUNCTIONAL_CHECK,No significant degradation detected.,HIGH,E-142,Continue routine monitoring.,1
INSP-0208,A-114,2025-11-02,FUNCTIONAL_CHECK,Documentation discrepancy observed.,MEDIUM,E-013,Verify current approved procedure before closure.,1
INSP-0209,A-086,2026-01-03,CONDITION_MONITORING,Minor surface condition noted.,NONE,E-155,Reinspect during next planned window.,0
INSP-0210,A-058,2026-02-22,CONDITION_MONITORING,Trend requires engineering evaluation.,NONE,E-174,Open corrective work order and increase monitoring frequency.,0
INSP-0211,A-036,2026-01-07,CONDITION_MONITORING,Trend requires engineering evaluation.,MEDIUM,E-166,Open corrective work order and increase monitoring frequency.,1
INSP-0212,A-073,2026-07-08,VISUAL,No significant degradation detected.,HIGH,E-109,Continue routine monitoring.,1
INSP-0213,A-023,2026-01-04,FUNCTIONAL_CHECK,No significant degradation detected.,MEDIUM,E-011,Continue routine monitoring.,1
INSP-0214,A-025,2026-03-31,DOCUMENT_REVIEW,Documentation discrepancy observed.,LOW,E-198,Verify current approved procedure before closure.,0
INSP-0215,A-120,2026-03-04,DOCUMENT_REVIEW,Documentation discrepancy observed.,MEDIUM,E-235,Verify current approved procedure before closure.,1
INSP-0216,A-105,2026-06-21,FUNCTIONAL_CHECK,Trend requires engineering evaluation.,LOW,E-074,Open corrective work order and increase monitoring frequency.,0
INSP-0217,A-116,2026-07-18,DOCUMENT_REVIEW,Minor surface condition noted.,NONE,E-205,Reinspect during next planned window.,0
INSP-0218,A-105,2026-07-17,CONDITION_MONITORING,No significant degradation detected.,NONE,E-061,Continue routine monitoring.,0
INSP-0219,A-086,2026-08-08,DOCUMENT_REVIEW,No significant degradation detected.,LOW,E-193,Continue routine monitoring.,0
INSP-0220,A-080,2026-08-25,FUNCTIONAL_CHECK,No significant degradation detected.,LOW,E-131,Continue routine monitoring.,0
INSP-0221,A-087,2026-05-19,VISUAL,Documentation discrepancy observed.,LOW,E-194,Verify current approved procedure before closure.,0
INSP-0222,A-041,2026-02-08,FUNCTIONAL_CHECK,No significant degradation detected.,MEDIUM,E-182,Continue routine monitoring.,1
INSP-0223,A-003,2025-12-29,FUNCTIONAL_CHECK,Minor surface condition noted.,NONE,E-209,Reinspect during next planned window.,0
INSP-0224,A-079,2025-09-06,DOCUMENT_REVIEW,Minor surface condition noted.,MEDIUM,E-212,Reinspect during next planned window.,1
INSP-0225,A-088,2025-10-31,VISUAL,Minor surface condition noted.,LOW,E-057,Reinspect during next planned window.,0
INSP-0226,A-016,2025-09-04,VISUAL,Trend requires engineering evaluation.,LOW,E-195,Open corrective work order and increase monitoring frequency.,0
INSP-0227,A-121,2025-09-01,FUNCTIONAL_CHECK,Minor surface condition noted.,LOW,E-041,Reinspect during next planned window.,0
INSP-0228,A-070,2025-09-07,FUNCTIONAL_CHECK,Minor surface condition noted.,LOW,E-108,Reinspect during next planned window.,0
INSP-0229,A-006,2026-08-06,CONDITION_MONITORING,Minor surface condition noted.,MEDIUM,E-047,Reinspect during next planned window.,1
INSP-0230,A-040,2025-09-24,FUNCTIONAL_CHECK,Minor surface condition noted.,MEDIUM,E-236,Reinspect during next planned window.,1
INSP-0231,A-044,2025-12-30,DOCUMENT_REVIEW,Minor surface condition noted.,MEDIUM,E-204,Reinspect during next planned window.,1
INSP-0232,A-006,2025-10-27,CONDITION_MONITORING,No significant degradation detected.,LOW,E-194,Continue routine monitoring.,0
INSP-0233,A-013,2026-03-31,FUNCTIONAL_CHECK,Trend requires engineering evaluation.,LOW,E-065,Open corrective work order and increase monitoring frequency.,0
INSP-0234,A-112,2026-04-07,CONDITION_MONITORING,No significant degradation detected.,LOW,E-124,Continue routine monitoring.,0
INSP-0235,A-067,2026-03-24,FUNCTIONAL_CHECK,Minor surface condition noted.,MEDIUM,E-171,Reinspect during next planned window.,1
INSP-0236,A-094,2025-09-16,FUNCTIONAL_CHECK,No significant degradation detected.,HIGH,E-007,Continue routine monitoring.,1
INSP-0237,A-066,2026-05-31,VISUAL,No significant degradation detected.,NONE,E-197,Continue routine monitoring.,0
INSP-0238,A-014,2026-03-15,VISUAL,Trend requires engineering evaluation.,MEDIUM,E-076,Open corrective work order and increase monitoring frequency.,1
INSP-0239,A-030,2026-07-09,CONDITION_MONITORING,Trend requires engineering evaluation.,LOW,E-240,Open corrective work order and increase monitoring frequency.,0
INSP-0240,A-100,2026-02-21,DOCUMENT_REVIEW,Documentation discrepancy observed.,LOW,E-218,Verify current approved procedure before closure.,0
INSP-0241,A-052,2026-07-04,CONDITION_MONITORING,No significant degradation detected.,NONE,E-143,Continue routine monitoring.,0
INSP-0242,A-055,2026-05-18,FUNCTIONAL_CHECK,Trend requires engineering evaluation.,MEDIUM,E-098,Open corrective work order and increase monitoring frequency.,1
INSP-0243,A-012,2026-02-06,VISUAL,Minor surface condition noted.,MEDIUM,E-175,Reinspect during next planned window.,1
INSP-0244,A-110,2025-11-18,DOCUMENT_REVIEW,Minor surface condition noted.,LOW,E-033,Reinspect during next planned window.,0
INSP-0245,A-098,2025-09-19,FUNCTIONAL_CHECK,Trend requires engineering evaluation.,NONE,E-040,Open corrective work order and increase monitoring frequency.,0
INSP-0246,A-080,2026-03-29,CONDITION_MONITORING,No significant degradation detected.,NONE,E-055,Continue routine monitoring.,0
INSP-0247,A-068,2025-10-04,DOCUMENT_REVIEW,Minor surface condition noted.,MEDIUM,E-112,Reinspect during next planned window.,1
INSP-0248,A-001,2025-11-13,FUNCTIONAL_CHECK,Trend requires engineering evaluation.,LOW,E-068,Open corrective work order and increase monitoring frequency.,0
INSP-0249,A-062,2026-08-16,DOCUMENT_REVIEW,Minor surface condition noted.,LOW,E-200,Reinspect during next planned window.,0
INSP-0250,A-069,2025-12-07,FUNCTIONAL_CHECK,No significant degradation detected.,NONE,E-014,Continue routine monitoring.,0
INSP-0251,A-002,2026-01-22,FUNCTIONAL_CHECK,Minor surface condition noted.,HIGH,E-191,Reinspect during next planned window.,1
INSP-0252,A-056,2026-05-22,FUNCTIONAL_CHECK,Documentation discrepancy observed.,MEDIUM,E-202,Verify current approved procedure before closure.,1
INSP-0253,A-069,2025-10-11,DOCUMENT_REVIEW,Minor surface condition noted.,LOW,E-065,Reinspect during next planned window.,0
INSP-0254,A-042,2026-05-08,VISUAL,Minor surface condition noted.,LOW,E-073,Reinspect during next planned window.,0
INSP-0255,A-094,2026-08-11,FUNCTIONAL_CHECK,Minor surface condition noted.,NONE,E-045,Reinspect during next planned window.,0
INSP-0256,A-089,2026-05-08,FUNCTIONAL_CHECK,No significant degradation detected.,LOW,E-117,Continue routine monitoring.,0
INSP-0257,A-005,2026-07-30,VISUAL,Trend requires engineering evaluation.,NONE,E-147,Open corrective work order and increase monitoring frequency.,0
INSP-0258,A-048,2026-05-22,VISUAL,No significant degradation detected.,LOW,E-090,Continue routine monitoring.,0
INSP-0259,A-043,2026-05-21,VISUAL,Minor surface condition noted.,LOW,E-095,Reinspect during next planned window.,0
INSP-0260,A-120,2026-08-05,CONDITION_MONITORING,Trend requires engineering evaluation.,LOW,E-140,Open corrective work order and increase monitoring frequency.,0
INSP-0261,A-092,2026-03-26,VISUAL,Trend requires engineering evaluation.,LOW,E-043,Open corrective work order and increase monitoring frequency.,0
INSP-0262,A-024,2026-03-29,FUNCTIONAL_CHECK,Documentation discrepancy observed.,NONE,E-112,Verify current approved procedure before closure.,0
INSP-0263,A-106,2025-12-19,VISUAL,No significant degradation detected.,NONE,E-034,Continue routine monitoring.,0
INSP-0264,A-076,2026-02-20,FUNCTIONAL_CHECK,Minor surface condition noted.,NONE,E-054,Reinspect during next planned window.,0
INSP-0265,A-116,2025-12-19,CONDITION_MONITORING,No significant degradation detected.,MEDIUM,E-026,Continue routine monitoring.,1
INSP-0266,A-078,2026-07-24,FUNCTIONAL_CHECK,Documentation discrepancy observed.,HIGH,E-123,Verify current approved procedure before closure.,1
INSP-0267,A-074,2026-06-03,FUNCTIONAL_CHECK,Trend requires engineering evaluation.,MEDIUM,E-098,Open corrective work order and increase monitoring frequency.,1
INSP-0268,A-051,2025-10-25,FUNCTIONAL_CHECK,Documentation discrepancy observed.,LOW,E-127,Verify current approved procedure before closure.,0
INSP-0269,A-020,2025-12-11,CONDITION_MONITORING,Documentation discrepancy observed.,LOW,E-044,Verify current approved procedure before closure.,0
INSP-0270,A-050,2026-01-13,VISUAL,Documentation discrepancy observed.,LOW,E-190,Verify current approved procedure before closure.,0
INSP-0271,A-077,2026-02-10,FUNCTIONAL_CHECK,Trend requires engineering evaluation.,HIGH,E-141,Open corrective work order and increase monitoring frequency.,1
INSP-0272,A-003,2026-01-25,DOCUMENT_REVIEW,Minor surface condition noted.,MEDIUM,E-105,Reinspect during next planned window.,1
INSP-0273,A-125,2026-03-19,FUNCTIONAL_CHECK,Minor surface condition noted.,LOW,E-197,Reinspect during next planned window.,0
INSP-0274,A-066,2026-04-10,DOCUMENT_REVIEW,Trend requires engineering evaluation.,MEDIUM,E-042,Open corrective work order and increase monitoring frequency.,1
INSP-0275,A-114,2026-06-14,VISUAL,No significant degradation detected.,HIGH,E-127,Continue routine monitoring.,1
INSP-0276,A-110,2026-02-06,DOCUMENT_REVIEW,Trend requires engineering evaluation.,NONE,E-198,Open corrective work order and increase monitoring frequency.,0
INSP-0277,A-039,2026-04-05,VISUAL,Minor surface condition noted.,LOW,E-121,Reinspect during next planned window.,0
INSP-0278,A-108,2026-07-25,CONDITION_MONITORING,Trend requires engineering evaluation.,NONE,E-119,Open corrective work order and increase monitoring frequency.,0
INSP-0279,A-116,2026-02-25,VISUAL,Trend requires engineering evaluation.,LOW,E-143,Open corrective work order and increase monitoring frequency.,0
INSP-0280,A-037,2026-07-10,VISUAL,No significant degradation detected.,LOW,E-104,Continue routine monitoring.,0
INSP-0281,A-077,2025-11-10,FUNCTIONAL_CHECK,Minor surface condition noted.,MEDIUM,E-187,Reinspect during next planned window.,1
INSP-0282,A-064,2026-04-29,CONDITION_MONITORING,Documentation discrepancy observed.,MEDIUM,E-212,Verify current approved procedure before closure.,1
INSP-0283,A-111,2026-07-21,DOCUMENT_REVIEW,Trend requires engineering evaluation.,NONE,E-010,Open corrective work order and increase monitoring frequency.,0
INSP-0284,A-069,2026-06-10,VISUAL,Minor surface condition noted.,NONE,E-008,Reinspect during next planned window.,0
INSP-0285,A-096,2026-01-07,DOCUMENT_REVIEW,Minor surface condition noted.,LOW,E-099,Reinspect during next planned window.,0
INSP-0286,A-050,2026-06-25,CONDITION_MONITORING,Trend requires engineering evaluation.,LOW,E-198,Open corrective work order and increase monitoring frequency.,0
INSP-0287,A-103,2026-03-10,FUNCTIONAL_CHECK,Trend requires engineering evaluation.,LOW,E-208,Open corrective work order and increase monitoring frequency.,0
INSP-0288,A-121,2026-02-09,CONDITION_MONITORING,Trend requires engineering evaluation.,NONE,E-030,Open corrective work order and increase monitoring frequency.,0
INSP-0289,A-108,2025-09-15,FUNCTIONAL_CHECK,Trend requires engineering evaluation.,LOW,E-173,Open corrective work order and increase monitoring frequency.,0
INSP-0290,A-033,2026-02-13,FUNCTIONAL_CHECK,No significant degradation detected.,LOW,E-065,Continue routine monitoring.,0
INSP-0291,A-057,2026-08-19,FUNCTIONAL_CHECK,Documentation discrepancy observed.,NONE,E-064,Verify current approved procedure before closure.,0
INSP-0292,A-016,2026-01-05,CONDITION_MONITORING,Documentation discrepancy observed.,LOW,E-186,Verify current approved procedure before closure.,0
INSP-0293,A-083,2025-12-17,FUNCTIONAL_CHECK,No significant degradation detected.,NONE,E-001,Continue routine monitoring.,0
INSP-0294,A-048,2026-01-01,CONDITION_MONITORING,Minor surface condition noted.,NONE,E-140,Reinspect during next planned window.,0
INSP-0295,A-026,2025-09-19,DOCUMENT_REVIEW,Documentation discrepancy observed.,MEDIUM,E-019,Verify current approved procedure before closure.,1
INSP-0296,A-016,2026-04-05,CONDITION_MONITORING,Trend requires engineering evaluation.,LOW,E-016,Open corrective work order and increase monitoring frequency.,0
INSP-0297,A-023,2025-11-16,CONDITION_MONITORING,Minor surface condition noted.,LOW,E-167,Reinspect during next planned window.,0
INSP-0298,A-007,2026-03-03,FUNCTIONAL_CHECK,Trend requires engineering evaluation.,LOW,E-022,Open corrective work order and increase monitoring frequency.,0
INSP-0299,A-014,2026-06-09,VISUAL,Minor surface condition noted.,MEDIUM,E-099,Reinspect during next planned window.,1
INSP-0300,A-124,2026-02-27,DOCUMENT_REVIEW,Trend requires engineering evaluation.,LOW,E-061,Open corrective work order and increase monitoring frequency.,0
INSP-0301,A-073,2026-01-16,DOCUMENT_REVIEW,Minor surface condition noted.,NONE,E-197,Reinspect during next planned window.,0
INSP-0302,A-043,2026-08-06,FUNCTIONAL_CHECK,No significant degradation detected.,LOW,E-012,Continue routine monitoring.,0
INSP-0303,A-080,2026-06-09,CONDITION_MONITORING,Trend requires engineering evaluation.,MEDIUM,E-082,Open corrective work order and increase monitoring frequency.,1
INSP-0304,A-001,2026-06-09,FUNCTIONAL_CHECK,Documentation discrepancy observed.,NONE,E-216,Verify current approved procedure before closure.,0
INSP-0305,A-007,2026-03-06,FUNCTIONAL_CHECK,Documentation discrepancy observed.,LOW,E-181,Verify current approved procedure before closure.,0
INSP-0306,A-119,2026-08-19,FUNCTIONAL_CHECK,Minor surface condition noted.,NONE,E-230,Reinspect during next planned window.,0
INSP-0307,A-029,2025-08-30,CONDITION_MONITORING,Trend requires engineering evaluation.,LOW,E-235,Open corrective work order and increase monitoring frequency.,0
INSP-0308,A-089,2025-09-17,FUNCTIONAL_CHECK,Minor surface condition noted.,NONE,E-178,Reinspect during next planned window.,0
INSP-0309,A-041,2026-06-26,CONDITION_MONITORING,Trend requires engineering evaluation.,NONE,E-179,Open corrective work order and increase monitoring frequency.,0
INSP-0310,A-106,2026-05-28,CONDITION_MONITORING,Minor surface condition noted.,LOW,E-042,Reinspect during next planned window.,0
INSP-0311,A-063,2026-02-13,DOCUMENT_REVIEW,Minor surface condition noted.,NONE,E-165,Reinspect during next planned window.,0
INSP-0312,A-063,2026-03-21,CONDITION_MONITORING,No significant degradation detected.,NONE,E-167,Continue routine monitoring.,0
INSP-0313,A-087,2025-11-26,VISUAL,Documentation discrepancy observed.,MEDIUM,E-147,Verify current approved procedure before closure.,1
INSP-0314,A-062,2025-09-15,DOCUMENT_REVIEW,Documentation discrepancy observed.,MEDIUM,E-095,Verify current approved procedure before closure.,1
INSP-0315,A-128,2025-09-30,FUNCTIONAL_CHECK,Minor surface condition noted.,LOW,E-150,Reinspect during next planned window.,0
INSP-0316,A-001,2026-04-05,VISUAL,No significant degradation detected.,MEDIUM,E-207,Continue routine monitoring.,1
INSP-0317,A-123,2026-08-24,DOCUMENT_REVIEW,No significant degradation detected.,NONE,E-038,Continue routine monitoring.,0
INSP-0318,A-036,2026-04-22,VISUAL,No significant degradation detected.,NONE,E-207,Continue routine monitoring.,0
INSP-0319,A-030,2025-10-09,FUNCTIONAL_CHECK,No significant degradation detected.,LOW,E-161,Continue routine monitoring.,0
INSP-0320,A-029,2026-02-03,VISUAL,Trend requires engineering evaluation.,NONE,E-138,Open corrective work order and increase monitoring frequency.,0
INSP-0321,A-094,2025-10-16,FUNCTIONAL_CHECK,Minor surface condition noted.,NONE,E-134,Reinspect during next planned window.,0
INSP-0322,A-057,2026-01-01,CONDITION_MONITORING,Trend requires engineering evaluation.,LOW,E-050,Open corrective work order and increase monitoring frequency.,0
INSP-0323,A-087,2026-03-23,DOCUMENT_REVIEW,No significant degradation detected.,NONE,E-027,Continue routine monitoring.,0
INSP-0324,A-093,2026-02-03,DOCUMENT_REVIEW,Documentation discrepancy observed.,MEDIUM,E-086,Verify current approved procedure before closure.,1
INSP-0325,A-098,2025-09-26,VISUAL,Trend requires engineering evaluation.,NONE,E-209,Open corrective work order and increase monitoring frequency.,0
INSP-0326,A-041,2025-10-15,VISUAL,Documentation discrepancy observed.,MEDIUM,E-213,Verify current approved procedure before closure.,1
INSP-0327,A-114,2026-06-17,VISUAL,Trend requires engineering evaluation.,NONE,E-112,Open corrective work order and increase monitoring frequency.,0
INSP-0328,A-079,2026-07-16,VISUAL,Trend requires engineering evaluation.,LOW,E-147,Open corrective work order and increase monitoring frequency.,0
INSP-0329,A-057,2025-11-27,CONDITION_MONITORING,No significant degradation detected.,LOW,E-129,Continue routine monitoring.,0
INSP-0330,A-049,2025-10-11,CONDITION_MONITORING,Trend requires engineering evaluation.,NONE,E-100,Open corrective work order and increase monitoring frequency.,0
INSP-0331,A-057,2025-11-23,FUNCTIONAL_CHECK,Trend requires engineering evaluation.,LOW,E-010,Open corrective work order and increase monitoring frequency.,0
INSP-0332,A-001,2026-05-16,VISUAL,No significant degradation detected.,NONE,E-190,Continue routine monitoring.,0
INSP-0333,A-074,2025-10-12,VISUAL,Trend requires engineering evaluation.,LOW,E-123,Open corrective work order and increase monitoring frequency.,0
INSP-0334,A-056,2026-02-05,CONDITION_MONITORING,Trend requires engineering evaluation.,NONE,E-032,Open corrective work order and increase monitoring frequency.,0
INSP-0335,A-046,2026-07-15,FUNCTIONAL_CHECK,Documentation discrepancy observed.,MEDIUM,E-018,Verify current approved procedure before closure.,1
INSP-0336,A-044,2026-01-20,VISUAL,Trend requires engineering evaluation.,NONE,E-028,Open corrective work order and increase monitoring frequency.,0
INSP-0337,A-049,2025-09-19,VISUAL,No significant degradation detected.,LOW,E-232,Continue routine monitoring.,0
INSP-0338,A-115,2025-09-11,DOCUMENT_REVIEW,No significant degradation detected.,LOW,E-104,Continue routine monitoring.,0
INSP-0339,A-056,2026-07-28,CONDITION_MONITORING,Documentation discrepancy observed.,MEDIUM,E-183,Verify current approved procedure before closure.,1
INSP-0340,A-073,2025-09-21,DOCUMENT_REVIEW,No significant degradation detected.,NONE,E-122,Continue routine monitoring.,0
INSP-0341,A-061,2026-02-27,VISUAL,Minor surface condition noted.,LOW,E-202,Reinspect during next planned window.,0
INSP-0342,A-017,2026-07-07,FUNCTIONAL_CHECK,Documentation discrepancy observed.,LOW,E-117,Verify current approved procedure before closure.,0
INSP-0343,A-063,2026-06-24,VISUAL,No significant degradation detected.,MEDIUM,E-053,Continue routine monitoring.,1
INSP-0344,A-038,2026-05-15,FUNCTIONAL_CHECK,Trend requires engineering evaluation.,MEDIUM,E-105,Open corrective work order and increase monitoring frequency.,1
INSP-0345,A-085,2026-04-08,VISUAL,Minor surface condition noted.,MEDIUM,E-127,Reinspect during next planned window.,1
INSP-0346,A-088,2025-12-04,FUNCTIONAL_CHECK,Minor surface condition noted.,LOW,E-082,Reinspect during next planned window.,0
INSP-0347,A-012,2026-05-24,DOCUMENT_REVIEW,No significant degradation detected.,NONE,E-171,Continue routine monitoring.,0
INSP-0348,A-092,2026-06-28,VISUAL,Trend requires engineering evaluation.,LOW,E-069,Open corrective work order and increase monitoring frequency.,0
INSP-0349,A-066,2025-10-26,VISUAL,No significant degradation detected.,NONE,E-061,Continue routine monitoring.,0
INSP-0350,A-101,2025-11-26,DOCUMENT_REVIEW,Minor surface condition noted.,NONE,E-118,Reinspect during next planned window.,0
INSP-0351,A-006,2026-03-04,DOCUMENT_REVIEW,No significant degradation detected.,MEDIUM,E-140,Continue routine monitoring.,1
INSP-0352,A-124,2025-10-13,FUNCTIONAL_CHECK,Documentation discrepancy observed.,LOW,E-093,Verify current approved procedure before closure.,0
INSP-0353,A-118,2026-03-28,VISUAL,Documentation discrepancy observed.,NONE,E-071,Verify current approved procedure before closure.,0
INSP-0354,A-066,2026-04-13,CONDITION_MONITORING,Documentation discrepancy observed.,LOW,E-235,Verify current approved procedure before closure.,0
INSP-0355,A-086,2025-09-03,FUNCTIONAL_CHECK,Documentation discrepancy observed.,LOW,E-127,Verify current approved procedure before closure.,0
INSP-0356,A-068,2026-01-06,CONDITION_MONITORING,No significant degradation detected.,NONE,E-135,Continue routine monitoring.,0
INSP-0357,A-109,2026-06-19,FUNCTIONAL_CHECK,Minor surface condition noted.,NONE,E-002,Reinspect during next planned window.,0
INSP-0358,A-020,2025-12-30,VISUAL,Documentation discrepancy observed.,LOW,E-114,Verify current approved procedure before closure.,0
INSP-0359,A-041,2026-08-16,DOCUMENT_REVIEW,Minor surface condition noted.,LOW,E-218,Reinspect during next planned window.,0
INSP-0360,A-122,2026-03-10,DOCUMENT_REVIEW,No significant degradation detected.,MEDIUM,E-137,Continue routine monitoring.,1
INSP-0361,A-096,2026-02-17,FUNCTIONAL_CHECK,Documentation discrepancy observed.,NONE,E-195,Verify current approved procedure before closure.,0
INSP-0362,A-055,2025-09-07,FUNCTIONAL_CHECK,No significant degradation detected.,LOW,E-194,Continue routine monitoring.,0
INSP-0363,A-068,2025-10-16,CONDITION_MONITORING,No significant degradation detected.,NONE,E-094,Continue routine monitoring.,0
INSP-0364,A-016,2025-09-22,DOCUMENT_REVIEW,Minor surface condition noted.,LOW,E-112,Reinspect during next planned window.,0
INSP-0365,A-013,2025-11-06,CONDITION_MONITORING,Documentation discrepancy observed.,LOW,E-207,Verify current approved procedure before closure.,0
INSP-0366,A-089,2026-05-02,DOCUMENT_REVIEW,No significant degradation detected.,LOW,E-023,Continue routine monitoring.,0
INSP-0367,A-061,2025-09-24,DOCUMENT_REVIEW,No significant degradation detected.,NONE,E-007,Continue routine monitoring.,0
INSP-0368,A-083,2025-09-27,DOCUMENT_REVIEW,Trend requires engineering evaluation.,LOW,E-104,Open corrective work order and increase monitoring frequency.,0
INSP-0369,A-111,2026-06-25,DOCUMENT_REVIEW,Minor surface condition noted.,LOW,E-061,Reinspect during next planned window.,0
INSP-0370,A-046,2026-01-23,FUNCTIONAL_CHECK,Trend requires engineering evaluation.,LOW,E-183,Open corrective work order and increase monitoring frequency.,0
INSP-0371,A-091,2026-02-15,FUNCTIONAL_CHECK,No significant degradation detected.,NONE,E-187,Continue routine monitoring.,0
INSP-0372,A-077,2026-06-14,FUNCTIONAL_CHECK,Documentation discrepancy observed.,NONE,E-117,Verify current approved procedure before closure.,0
INSP-0373,A-114,2025-11-30,FUNCTIONAL_CHECK,Documentation discrepancy observed.,LOW,E-165,Verify current approved procedure before closure.,0
INSP-0374,A-107,2025-12-15,FUNCTIONAL_CHECK,No significant degradation detected.,LOW,E-195,Continue routine monitoring.,0
INSP-0375,A-044,2025-09-05,CONDITION_MONITORING,Documentation discrepancy observed.,MEDIUM,E-155,Verify current approved procedure before closure.,1
INSP-0376,A-122,2026-01-14,FUNCTIONAL_CHECK,Documentation discrepancy observed.,MEDIUM,E-120,Verify current approved procedure before closure.,1
INSP-0377,A-105,2026-02-28,CONDITION_MONITORING,Minor surface condition noted.,LOW,E-111,Reinspect during next planned window.,0
INSP-0378,A-105,2026-02-02,VISUAL,Trend requires engineering evaluation.,NONE,E-092,Open corrective work order and increase monitoring frequency.,0
INSP-0379,A-011,2025-12-11,FUNCTIONAL_CHECK,No significant degradation detected.,LOW,E-152,Continue routine monitoring.,0
INSP-0380,A-025,2026-04-24,VISUAL,Minor surface condition noted.,NONE,E-142,Reinspect during next planned window.,0
INSP-0381,A-031,2026-06-03,FUNCTIONAL_CHECK,Trend requires engineering evaluation.,NONE,E-023,Open corrective work order and increase monitoring frequency.,0
INSP-0382,A-042,2025-12-19,VISUAL,No significant degradation detected.,LOW,E-173,Continue routine monitoring.,0
INSP-0383,A-097,2026-03-05,DOCUMENT_REVIEW,Minor surface condition noted.,HIGH,E-165,Reinspect during next planned window.,1
INSP-0384,A-036,2026-02-11,FUNCTIONAL_CHECK,Documentation discrepancy observed.,NONE,E-213,Verify current approved procedure before closure.,0
INSP-0385,A-014,2026-05-17,VISUAL,Trend requires engineering evaluation.,NONE,E-081,Open corrective work order and increase monitoring frequency.,0
INSP-0386,A-015,2026-02-04,VISUAL,Minor surface condition noted.,LOW,E-031,Reinspect during next planned window.,0
INSP-0387,A-080,2026-05-02,CONDITION_MONITORING,Minor surface condition noted.,NONE,E-115,Reinspect during next planned window.,0
INSP-0388,A-094,2026-03-13,VISUAL,Minor surface condition noted.,NONE,E-216,Reinspect during next planned window.,0
INSP-0389,A-088,2026-08-01,FUNCTIONAL_CHECK,Minor surface condition noted.,NONE,E-169,Reinspect during next planned window.,0
INSP-0390,A-105,2026-05-20,DOCUMENT_REVIEW,Trend requires engineering evaluation.,NONE,E-010,Open corrective work order and increase monitoring frequency.,0
INSP-0391,A-053,2026-02-18,VISUAL,No significant degradation detected.,NONE,E-059,Continue routine monitoring.,0
INSP-0392,A-048,2025-10-14,FUNCTIONAL_CHECK,Minor surface condition noted.,LOW,E-131,Reinspect during next planned window.,0
INSP-0393,A-107,2026-05-17,CONDITION_MONITORING,Minor surface condition noted.,NONE,E-052,Reinspect during next planned window.,0
INSP-0394,A-076,2026-03-05,FUNCTIONAL_CHECK,Trend requires engineering evaluation.,HIGH,E-047,Open corrective work order and increase monitoring frequency.,1
INSP-0395,A-006,2025-09-07,CONDITION_MONITORING,No significant degradation detected.,NONE,E-236,Continue routine monitoring.,0
INSP-0396,A-110,2025-09-19,DOCUMENT_REVIEW,No significant degradation detected.,NONE,E-207,Continue routine monitoring.,0
INSP-0397,A-024,2026-02-15,CONDITION_MONITORING,Trend requires engineering evaluation.,HIGH,E-094,Open corrective work order and increase monitoring frequency.,1
INSP-0398,A-099,2025-09-24,VISUAL,No significant degradation detected.,MEDIUM,E-014,Continue routine monitoring.,1
INSP-0399,A-112,2026-01-26,CONDITION_MONITORING,No significant degradation detected.,MEDIUM,E-162,Continue routine monitoring.,1
INSP-0400,A-073,2026-07-21,DOCUMENT_REVIEW,No significant degradation detected.,NONE,E-230,Continue routine monitoring.,0
INSP-0401,A-096,2026-08-02,VISUAL,Minor surface condition noted.,LOW,E-010,Reinspect during next planned window.,0
INSP-0402,A-078,2026-04-22,CONDITION_MONITORING,Trend requires engineering evaluation.,NONE,E-047,Open corrective work order and increase monitoring frequency.,0
INSP-0403,A-012,2025-08-31,CONDITION_MONITORING,Minor surface condition noted.,LOW,E-153,Reinspect during next planned window.,0
INSP-0404,A-077,2026-01-29,FUNCTIONAL_CHECK,No significant degradation detected.,MEDIUM,E-064,Continue routine monitoring.,1
INSP-0405,A-110,2025-10-15,CONDITION_MONITORING,Minor surface condition noted.,NONE,E-103,Reinspect during next planned window.,0
INSP-0406,A-054,2026-07-25,FUNCTIONAL_CHECK,Minor surface condition noted.,NONE,E-230,Reinspect during next planned window.,0
INSP-0407,A-110,2025-10-04,DOCUMENT_REVIEW,Minor surface condition noted.,MEDIUM,E-184,Reinspect during next planned window.,1
INSP-0408,A-108,2025-09-15,FUNCTIONAL_CHECK,No significant degradation detected.,LOW,E-057,Continue routine monitoring.,0
INSP-0409,A-076,2026-02-16,VISUAL,Documentation discrepancy observed.,MEDIUM,E-219,Verify current approved procedure before closure.,1
INSP-0410,A-068,2026-02-13,CONDITION_MONITORING,Minor surface condition noted.,NONE,E-012,Reinspect during next planned window.,0
INSP-0411,A-102,2025-10-01,CONDITION_MONITORING,Minor surface condition noted.,NONE,E-081,Reinspect during next planned window.,0
INSP-0412,A-079,2026-04-20,VISUAL,No significant degradation detected.,NONE,E-124,Continue routine monitoring.,0
INSP-0413,A-022,2025-10-02,CONDITION_MONITORING,Trend requires engineering evaluation.,LOW,E-003,Open corrective work order and increase monitoring frequency.,0
INSP-0414,A-062,2025-09-27,FUNCTIONAL_CHECK,Trend requires engineering evaluation.,LOW,E-067,Open corrective work order and increase monitoring frequency.,0
INSP-0415,A-088,2026-04-10,VISUAL,No significant degradation detected.,MEDIUM,E-200,Continue routine monitoring.,1
INSP-0416,A-016,2026-06-07,CONDITION_MONITORING,Minor surface condition noted.,MEDIUM,E-066,Reinspect during next planned window.,1
INSP-0417,A-101,2025-09-22,DOCUMENT_REVIEW,Minor surface condition noted.,NONE,E-176,Reinspect during next planned window.,0
INSP-0418,A-054,2025-11-15,FUNCTIONAL_CHECK,Documentation discrepancy observed.,HIGH,E-022,Verify current approved procedure before closure.,1
INSP-0419,A-030,2026-07-22,CONDITION_MONITORING,Minor surface condition noted.,LOW,E-214,Reinspect during next planned window.,0
INSP-0420,A-040,2025-12-19,CONDITION_MONITORING,Trend requires engineering evaluation.,MEDIUM,E-208,Open corrective work order and increase monitoring frequency.,1
INSP-0421,A-113,2025-10-07,FUNCTIONAL_CHECK,Minor surface condition noted.,MEDIUM,E-204,Reinspect during next planned window.,1
INSP-0422,A-009,2026-06-21,VISUAL,Trend requires engineering evaluation.,NONE,E-115,Open corrective work order and increase monitoring frequency.,0
INSP-0423,A-041,2026-04-25,CONDITION_MONITORING,Documentation discrepancy observed.,MEDIUM,E-069,Verify current approved procedure before closure.,1
INSP-0424,A-094,2026-03-08,VISUAL,Documentation discrepancy observed.,NONE,E-066,Verify current approved procedure before closure.,0
INSP-0425,A-032,2026-06-15,DOCUMENT_REVIEW,Documentation discrepancy observed.,MEDIUM,E-098,Verify current approved procedure before closure.,1
INSP-0426,A-011,2026-06-29,CONDITION_MONITORING,No significant degradation detected.,HIGH,E-235,Continue routine monitoring.,1
INSP-0427,A-089,2026-03-22,DOCUMENT_REVIEW,Trend requires engineering evaluation.,NONE,E-146,Open corrective work order and increase monitoring frequency.,0
INSP-0428,A-072,2025-10-01,VISUAL,Documentation discrepancy observed.,NONE,E-159,Verify current approved procedure before closure.,0
INSP-0429,A-023,2025-10-07,DOCUMENT_REVIEW,Trend requires engineering evaluation.,MEDIUM,E-200,Open corrective work order and increase monitoring frequency.,1
INSP-0430,A-022,2026-06-08,FUNCTIONAL_CHECK,Minor surface condition noted.,NONE,E-185,Reinspect during next planned window.,0
INSP-0431,A-126,2025-11-16,VISUAL,Documentation discrepancy observed.,NONE,E-173,Verify current approved procedure before closure.,0
INSP-0432,A-120,2025-12-13,DOCUMENT_REVIEW,Documentation discrepancy observed.,MEDIUM,E-196,Verify current approved procedure before closure.,1
INSP-0433,A-063,2026-05-12,VISUAL,Trend requires engineering evaluation.,NONE,E-148,Open corrective work order and increase monitoring frequency.,0
INSP-0434,A-003,2025-12-29,FUNCTIONAL_CHECK,Minor surface condition noted.,LOW,E-224,Reinspect during next planned window.,0
INSP-0435,A-014,2025-09-10,VISUAL,Documentation discrepancy observed.,LOW,E-059,Verify current approved procedure before closure.,0
INSP-0436,A-052,2025-12-21,FUNCTIONAL_CHECK,No significant degradation detected.,MEDIUM,E-075,Continue routine monitoring.,1
INSP-0437,A-055,2026-05-07,CONDITION_MONITORING,No significant degradation detected.,LOW,E-199,Continue routine monitoring.,0
INSP-0438,A-013,2026-04-12,CONDITION_MONITORING,Minor surface condition noted.,NONE,E-127,Reinspect during next planned window.,0
INSP-0439,A-094,2026-04-01,DOCUMENT_REVIEW,No significant degradation detected.,NONE,E-188,Continue routine monitoring.,0
INSP-0440,A-111,2026-03-12,FUNCTIONAL_CHECK,No significant degradation detected.,LOW,E-184,Continue routine monitoring.,0
INSP-0441,A-064,2026-02-20,DOCUMENT_REVIEW,Documentation discrepancy observed.,MEDIUM,E-068,Verify current approved procedure before closure.,1
INSP-0442,A-096,2026-07-20,DOCUMENT_REVIEW,Trend requires engineering evaluation.,LOW,E-013,Open corrective work order and increase monitoring frequency.,0
INSP-0443,A-118,2025-10-02,VISUAL,No significant degradation detected.,NONE,E-234,Continue routine monitoring.,0
INSP-0444,A-034,2025-11-21,VISUAL,Trend requires engineering evaluation.,MEDIUM,E-139,Open corrective work order and increase monitoring frequency.,1
INSP-0445,A-074,2026-02-18,DOCUMENT_REVIEW,No significant degradation detected.,MEDIUM,E-182,Continue routine monitoring.,1
INSP-0446,A-044,2026-03-19,VISUAL,Minor surface condition noted.,MEDIUM,E-058,Reinspect during next planned window.,1
INSP-0447,A-091,2026-06-17,VISUAL,Trend requires engineering evaluation.,LOW,E-164,Open corrective work order and increase monitoring frequency.,0
INSP-0448,A-125,2026-02-07,DOCUMENT_REVIEW,Trend requires engineering evaluation.,NONE,E-235,Open corrective work order and increase monitoring frequency.,0
INSP-0449,A-048,2026-02-26,FUNCTIONAL_CHECK,Trend requires engineering evaluation.,LOW,E-156,Open corrective work order and increase monitoring frequency.,0
INSP-0450,A-120,2026-05-07,FUNCTIONAL_CHECK,Minor surface condition noted.,NONE,E-046,Reinspect during next planned window.,0
INSP-0451,A-110,2025-10-22,VISUAL,No significant degradation detected.,MEDIUM,E-218,Continue routine monitoring.,1
INSP-0452,A-018,2025-12-08,VISUAL,Trend requires engineering evaluation.,LOW,E-125,Open corrective work order and increase monitoring frequency.,0
INSP-0453,A-062,2026-04-13,VISUAL,Documentation discrepancy observed.,NONE,E-201,Verify current approved procedure before closure.,0
INSP-0454,A-081,2025-10-05,CONDITION_MONITORING,Documentation discrepancy observed.,MEDIUM,E-005,Verify current approved procedure before closure.,1
INSP-0455,A-064,2026-05-03,FUNCTIONAL_CHECK,No significant degradation detected.,MEDIUM,E-113,Continue routine monitoring.,1
INSP-0456,A-056,2026-02-04,DOCUMENT_REVIEW,No significant degradation detected.,LOW,E-205,Continue routine monitoring.,0
INSP-0457,A-069,2025-09-22,CONDITION_MONITORING,Documentation discrepancy observed.,NONE,E-079,Verify current approved procedure before closure.,0
INSP-0458,A-070,2026-03-25,FUNCTIONAL_CHECK,Documentation discrepancy observed.,NONE,E-136,Verify current approved procedure before closure.,0
INSP-0459,A-082,2026-06-24,DOCUMENT_REVIEW,Documentation discrepancy observed.,NONE,E-100,Verify current approved procedure before closure.,0
INSP-0460,A-065,2026-01-15,CONDITION_MONITORING,No significant degradation detected.,LOW,E-085,Continue routine monitoring.,0
INSP-0461,A-125,2025-11-03,CONDITION_MONITORING,Documentation discrepancy observed.,LOW,E-225,Verify current approved procedure before closure.,0
INSP-0462,A-105,2025-10-07,VISUAL,Documentation discrepancy observed.,LOW,E-088,Verify current approved procedure before closure.,0
INSP-0463,A-047,2026-03-20,VISUAL,Minor surface condition noted.,LOW,E-199,Reinspect during next planned window.,0
INSP-0464,A-023,2026-05-06,FUNCTIONAL_CHECK,No significant degradation detected.,HIGH,E-166,Continue routine monitoring.,1
INSP-0465,A-035,2026-04-27,DOCUMENT_REVIEW,Documentation discrepancy observed.,NONE,E-218,Verify current approved procedure before closure.,0
INSP-0466,A-097,2025-11-17,VISUAL,Documentation discrepancy observed.,NONE,E-113,Verify current approved procedure before closure.,0
INSP-0467,A-060,2025-11-07,VISUAL,Trend requires engineering evaluation.,MEDIUM,E-026,Open corrective work order and increase monitoring frequency.,1
INSP-0468,A-112,2026-08-06,FUNCTIONAL_CHECK,Minor surface condition noted.,NONE,E-035,Reinspect during next planned window.,0
INSP-0469,A-064,2026-03-10,DOCUMENT_REVIEW,No significant degradation detected.,NONE,E-190,Continue routine monitoring.,0
INSP-0470,A-086,2026-07-24,FUNCTIONAL_CHECK,Documentation discrepancy observed.,NONE,E-211,Verify current approved procedure before closure.,0
INSP-0471,A-111,2026-03-16,VISUAL,Documentation discrepancy observed.,NONE,E-172,Verify current approved procedure before closure.,0
INSP-0472,A-025,2026-03-02,DOCUMENT_REVIEW,No significant degradation detected.,NONE,E-230,Continue routine monitoring.,0
INSP-0473,A-062,2026-04-30,FUNCTIONAL_CHECK,Minor surface condition noted.,LOW,E-009,Reinspect during next planned window.,0
INSP-0474,A-102,2026-03-10,CONDITION_MONITORING,No significant degradation detected.,MEDIUM,E-190,Continue routine monitoring.,1
INSP-0475,A-085,2025-10-30,CONDITION_MONITORING,No significant degradation detected.,LOW,E-053,Continue routine monitoring.,0
INSP-0476,A-106,2025-12-12,CONDITION_MONITORING,Trend requires engineering evaluation.,LOW,E-190,Open corrective work order and increase monitoring frequency.,0
INSP-0477,A-062,2026-08-21,DOCUMENT_REVIEW,Trend requires engineering evaluation.,NONE,E-115,Open corrective work order and increase monitoring frequency.,0
INSP-0478,A-050,2026-06-28,CONDITION_MONITORING,Trend requires engineering evaluation.,NONE,E-011,Open corrective work order and increase monitoring frequency.,0
INSP-0479,A-110,2026-01-12,FUNCTIONAL_CHECK,Trend requires engineering evaluation.,NONE,E-220,Open corrective work order and increase monitoring frequency.,0
INSP-0480,A-103,2026-04-24,FUNCTIONAL_CHECK,No significant degradation detected.,NONE,E-046,Continue routine monitoring.,0
INSP-0481,A-096,2026-02-15,DOCUMENT_REVIEW,Minor surface condition noted.,NONE,E-203,Reinspect during next planned window.,0
INSP-0482,A-117,2026-04-13,DOCUMENT_REVIEW,No significant degradation detected.,LOW,E-136,Continue routine monitoring.,0
INSP-0483,A-066,2026-06-02,DOCUMENT_REVIEW,Minor surface condition noted.,NONE,E-116,Reinspect during next planned window.,0
INSP-0484,A-050,2026-06-30,FUNCTIONAL_CHECK,No significant degradation detected.,NONE,E-143,Continue routine monitoring.,0
INSP-0485,A-073,2026-06-25,FUNCTIONAL_CHECK,Minor surface condition noted.,NONE,E-225,Reinspect during next planned window.,0
INSP-0486,A-004,2026-01-18,FUNCTIONAL_CHECK,Minor surface condition noted.,MEDIUM,E-117,Reinspect during next planned window.,1
INSP-0487,A-009,2025-12-19,DOCUMENT_REVIEW,Trend requires engineering evaluation.,NONE,E-023,Open corrective work order and increase monitoring frequency.,0
INSP-0488,A-106,2026-06-07,CONDITION_MONITORING,Documentation discrepancy observed.,LOW,E-091,Verify current approved procedure before closure.,0
INSP-0489,A-114,2026-04-16,CONDITION_MONITORING,Trend requires engineering evaluation.,MEDIUM,E-176,Open corrective work order and increase monitoring frequency.,1
INSP-0490,A-099,2026-04-10,FUNCTIONAL_CHECK,Minor surface condition noted.,LOW,E-180,Reinspect during next planned window.,0
INSP-0491,A-009,2026-05-21,FUNCTIONAL_CHECK,No significant degradation detected.,MEDIUM,E-033,Continue routine monitoring.,1
INSP-0492,A-110,2026-06-15,FUNCTIONAL_CHECK,No significant degradation detected.,MEDIUM,E-174,Continue routine monitoring.,1
INSP-0493,A-007,2025-12-18,CONDITION_MONITORING,Trend requires engineering evaluation.,MEDIUM,E-170,Open corrective work order and increase monitoring frequency.,1
INSP-0494,A-070,2026-07-30,VISUAL,Trend requires engineering evaluation.,NONE,E-078,Open corrective work order and increase monitoring frequency.,0
INSP-0495,A-123,2025-09-06,DOCUMENT_REVIEW,Minor surface condition noted.,MEDIUM,E-234,Reinspect during next planned window.,1
INSP-0496,A-102,2026-07-29,FUNCTIONAL_CHECK,No significant degradation detected.,NONE,E-175,Continue routine monitoring.,0
INSP-0497,A-100,2025-12-29,VISUAL,Minor surface condition noted.,LOW,E-130,Reinspect during next planned window.,0
INSP-0498,A-065,2026-08-07,CONDITION_MONITORING,Minor surface condition noted.,HIGH,E-039,Reinspect during next planned window.,1
INSP-0499,A-118,2026-01-07,VISUAL,Minor surface condition noted.,HIGH,E-124,Reinspect during next planned window.,1
INSP-0500,A-114,2026-07-14,FUNCTIONAL_CHECK,Trend requires engineering evaluation.,MEDIUM,E-032,Open corrective work order and increase monitoring frequency.,1
INSP-0501,A-017,2025-10-05,DOCUMENT_REVIEW,Trend requires engineering evaluation.,LOW,E-034,Open corrective work order and increase monitoring frequency.,0
INSP-0502,A-039,2025-09-29,DOCUMENT_REVIEW,Documentation discrepancy observed.,MEDIUM,E-089,Verify current approved procedure before closure.,1
INSP-0503,A-062,2025-11-02,CONDITION_MONITORING,Trend requires engineering evaluation.,NONE,E-075,Open corrective work order and increase monitoring frequency.,0
INSP-0504,A-128,2026-08-07,FUNCTIONAL_CHECK,No significant degradation detected.,NONE,E-178,Continue routine monitoring.,0
INSP-0505,A-127,2026-02-11,FUNCTIONAL_CHECK,Minor surface condition noted.,LOW,E-239,Reinspect during next planned window.,0
INSP-0506,A-109,2025-12-15,DOCUMENT_REVIEW,No significant degradation detected.,NONE,E-205,Continue routine monitoring.,0
INSP-0507,A-110,2025-12-04,FUNCTIONAL_CHECK,No significant degradation detected.,LOW,E-213,Continue routine monitoring.,0
INSP-0508,A-126,2026-07-26,DOCUMENT_REVIEW,No significant degradation detected.,NONE,E-228,Continue routine monitoring.,0
INSP-0509,A-077,2025-09-11,FUNCTIONAL_CHECK,Documentation discrepancy observed.,MEDIUM,E-141,Verify current approved procedure before closure.,1
INSP-0510,A-050,2026-05-12,FUNCTIONAL_CHECK,No significant degradation detected.,LOW,E-104,Continue routine monitoring.,0
INSP-0511,A-080,2026-05-29,CONDITION_MONITORING,Documentation discrepancy observed.,NONE,E-043,Verify current approved procedure before closure.,0
INSP-0512,A-067,2026-06-28,FUNCTIONAL_CHECK,No significant degradation detected.,LOW,E-008,Continue routine monitoring.,0
INSP-0513,A-082,2025-12-15,DOCUMENT_REVIEW,No significant degradation detected.,NONE,E-064,Continue routine monitoring.,0
INSP-0514,A-005,2025-09-11,VISUAL,Minor surface condition noted.,MEDIUM,E-143,Reinspect during next planned window.,1
INSP-0515,A-064,2026-02-26,FUNCTIONAL_CHECK,Trend requires engineering evaluation.,NONE,E-069,Open corrective work order and increase monitoring frequency.,0
INSP-0516,A-004,2025-12-22,DOCUMENT_REVIEW,Documentation discrepancy observed.,MEDIUM,E-230,Verify current approved procedure before closure.,1
INSP-0517,A-062,2026-01-10,CONDITION_MONITORING,Trend requires engineering evaluation.,NONE,E-123,Open corrective work order and increase monitoring frequency.,0
INSP-0518,A-078,2026-03-16,CONDITION_MONITORING,Documentation discrepancy observed.,NONE,E-060,Verify current approved procedure before closure.,0
INSP-0519,A-019,2025-11-29,FUNCTIONAL_CHECK,No significant degradation detected.,LOW,E-201,Continue routine monitoring.,0
INSP-0520,A-075,2025-11-24,CONDITION_MONITORING,Documentation discrepancy observed.,NONE,E-189,Verify current approved procedure before closure.,0
INSP-0521,A-038,2025-09-29,FUNCTIONAL_CHECK,Documentation discrepancy observed.,MEDIUM,E-151,Verify current approved procedure before closure.,1
INSP-0522,A-087,2026-06-04,VISUAL,Minor surface condition noted.,NONE,E-182,Reinspect during next planned window.,0
INSP-0523,A-053,2025-10-24,DOCUMENT_REVIEW,No significant degradation detected.,NONE,E-061,Continue routine monitoring.,0
INSP-0524,A-054,2026-03-09,FUNCTIONAL_CHECK,Minor surface condition noted.,LOW,E-025,Reinspect during next planned window.,0
INSP-0525,A-082,2026-05-19,DOCUMENT_REVIEW,No significant degradation detected.,LOW,E-092,Continue routine monitoring.,0
INSP-0526,A-084,2026-08-20,CONDITION_MONITORING,Trend requires engineering evaluation.,HIGH,E-107,Open corrective work order and increase monitoring frequency.,1
INSP-0527,A-026,2025-10-08,CONDITION_MONITORING,Trend requires engineering evaluation.,LOW,E-081,Open corrective work order and increase monitoring frequency.,0
INSP-0528,A-109,2026-02-17,VISUAL,No significant degradation detected.,MEDIUM,E-122,Continue routine monitoring.,1
INSP-0529,A-032,2025-11-09,FUNCTIONAL_CHECK,Minor surface condition noted.,LOW,E-218,Reinspect during next planned window.,0
INSP-0530,A-120,2026-02-02,DOCUMENT_REVIEW,Trend requires engineering evaluation.,NONE,E-121,Open corrective work order and increase monitoring frequency.,0
INSP-0531,A-056,2025-12-30,DOCUMENT_REVIEW,Minor surface condition noted.,LOW,E-060,Reinspect during next planned window.,0
INSP-0532,A-069,2026-01-03,CONDITION_MONITORING,No significant degradation detected.,NONE,E-103,Continue routine monitoring.,0
INSP-0533,A-060,2025-10-11,CONDITION_MONITORING,Trend requires engineering evaluation.,MEDIUM,E-025,Open corrective work order and increase monitoring frequency.,1
INSP-0534,A-101,2026-02-22,CONDITION_MONITORING,Trend requires engineering evaluation.,MEDIUM,E-139,Open corrective work order and increase monitoring frequency.,1
INSP-0535,A-074,2025-11-03,DOCUMENT_REVIEW,Documentation discrepancy observed.,MEDIUM,E-148,Verify current approved procedure before closure.,1
INSP-0536,A-026,2025-11-30,FUNCTIONAL_CHECK,No significant degradation detected.,LOW,E-040,Continue routine monitoring.,0
INSP-0537,A-103,2026-01-23,DOCUMENT_REVIEW,Trend requires engineering evaluation.,NONE,E-174,Open corrective work order and increase monitoring frequency.,0
INSP-0538,A-047,2026-03-04,CONDITION_MONITORING,Minor surface condition noted.,NONE,E-171,Reinspect during next planned window.,0
INSP-0539,A-097,2025-11-17,FUNCTIONAL_CHECK,Minor surface condition noted.,HIGH,E-033,Reinspect during next planned window.,1
INSP-0540,A-023,2026-04-03,DOCUMENT_REVIEW,Trend requires engineering evaluation.,LOW,E-005,Open corrective work order and increase monitoring frequency.,0
INSP-0541,A-114,2026-03-29,FUNCTIONAL_CHECK,Documentation discrepancy observed.,NONE,E-110,Verify current approved procedure before closure.,0
INSP-0542,A-029,2025-09-26,DOCUMENT_REVIEW,No significant degradation detected.,LOW,E-003,Continue routine monitoring.,0
INSP-0543,A-092,2025-10-25,CONDITION_MONITORING,No significant degradation detected.,HIGH,E-217,Continue routine monitoring.,1
INSP-0544,A-018,2026-07-14,FUNCTIONAL_CHECK,Trend requires engineering evaluation.,MEDIUM,E-167,Open corrective work order and increase monitoring frequency.,1
INSP-0545,A-125,2026-02-19,DOCUMENT_REVIEW,No significant degradation detected.,LOW,E-131,Continue routine monitoring.,0
INSP-0546,A-003,2025-10-03,FUNCTIONAL_CHECK,Documentation discrepancy observed.,MEDIUM,E-037,Verify current approved procedure before closure.,1
INSP-0547,A-081,2025-10-07,VISUAL,Documentation discrepancy observed.,LOW,E-223,Verify current approved procedure before closure.,0
INSP-0548,A-082,2026-03-10,DOCUMENT_REVIEW,Trend requires engineering evaluation.,MEDIUM,E-078,Open corrective work order and increase monitoring frequency.,1
INSP-0549,A-007,2026-04-28,FUNCTIONAL_CHECK,Minor surface condition noted.,NONE,E-094,Reinspect during next planned window.,0
INSP-0550,A-084,2026-07-21,FUNCTIONAL_CHECK,Minor surface condition noted.,MEDIUM,E-143,Reinspect during next planned window.,1
INSP-0551,A-029,2025-10-28,FUNCTIONAL_CHECK,No significant degradation detected.,MEDIUM,E-028,Continue routine monitoring.,1
INSP-0552,A-002,2026-07-19,CONDITION_MONITORING,Minor surface condition noted.,MEDIUM,E-105,Reinspect during next planned window.,1
INSP-0553,A-026,2026-06-14,FUNCTIONAL_CHECK,Trend requires engineering evaluation.,LOW,E-204,Open corrective work order and increase monitoring frequency.,0
INSP-0554,A-099,2026-07-13,CONDITION_MONITORING,Trend requires engineering evaluation.,LOW,E-204,Open corrective work order and increase monitoring frequency.,0
INSP-0555,A-027,2026-01-29,CONDITION_MONITORING,No significant degradation detected.,LOW,E-076,Continue routine monitoring.,0
INSP-0556,A-046,2026-06-16,VISUAL,Documentation discrepancy observed.,LOW,E-123,Verify current approved procedure before closure.,0
INSP-0557,A-004,2025-11-19,FUNCTIONAL_CHECK,No significant degradation detected.,HIGH,E-032,Continue routine monitoring.,1
INSP-0558,A-121,2025-12-02,CONDITION_MONITORING,No significant degradation detected.,MEDIUM,E-033,Continue routine monitoring.,1
INSP-0559,A-031,2026-06-09,FUNCTIONAL_CHECK,Documentation discrepancy observed.,MEDIUM,E-042,Verify current approved procedure before closure.,1
INSP-0560,A-006,2026-02-08,DOCUMENT_REVIEW,Documentation discrepancy observed.,NONE,E-035,Verify current approved procedure before closure.,0
INSP-0561,A-118,2026-01-20,FUNCTIONAL_CHECK,Minor surface condition noted.,NONE,E-114,Reinspect during next planned window.,0
INSP-0562,A-037,2026-02-19,FUNCTIONAL_CHECK,No significant degradation detected.,LOW,E-184,Continue routine monitoring.,0
INSP-0563,A-102,2025-11-28,CONDITION_MONITORING,No significant degradation detected.,LOW,E-066,Continue routine monitoring.,0
INSP-0564,A-079,2026-03-03,FUNCTIONAL_CHECK,No significant degradation detected.,MEDIUM,E-017,Continue routine monitoring.,1
INSP-0565,A-014,2025-12-10,FUNCTIONAL_CHECK,No significant degradation detected.,MEDIUM,E-018,Continue routine monitoring.,1
INSP-0566,A-013,2026-07-06,VISUAL,No significant degradation detected.,LOW,E-031,Continue routine monitoring.,0
INSP-0567,A-034,2026-01-02,DOCUMENT_REVIEW,Documentation discrepancy observed.,NONE,E-192,Verify current approved procedure before closure.,0
INSP-0568,A-063,2026-05-05,VISUAL,Documentation discrepancy observed.,HIGH,E-075,Verify current approved procedure before closure.,1
INSP-0569,A-029,2026-04-08,CONDITION_MONITORING,Minor surface condition noted.,NONE,E-026,Reinspect during next planned window.,0
INSP-0570,A-092,2026-03-19,DOCUMENT_REVIEW,No significant degradation detected.,NONE,E-107,Continue routine monitoring.,0
INSP-0571,A-045,2025-10-17,VISUAL,Documentation discrepancy observed.,NONE,E-143,Verify current approved procedure before closure.,0
INSP-0572,A-036,2025-09-27,VISUAL,Minor surface condition noted.,NONE,E-175,Reinspect during next planned window.,0
INSP-0573,A-120,2025-11-17,VISUAL,Documentation discrepancy observed.,NONE,E-156,Verify current approved procedure before closure.,0
INSP-0574,A-057,2026-03-12,FUNCTIONAL_CHECK,No significant degradation detected.,LOW,E-078,Continue routine monitoring.,0
INSP-0575,A-032,2026-05-22,FUNCTIONAL_CHECK,Documentation discrepancy observed.,LOW,E-076,Verify current approved procedure before closure.,0
INSP-0576,A-058,2026-08-23,CONDITION_MONITORING,Minor surface condition noted.,MEDIUM,E-107,Reinspect during next planned window.,1
INSP-0577,A-082,2025-11-23,VISUAL,No significant degradation detected.,LOW,E-175,Continue routine monitoring.,0
INSP-0578,A-047,2026-02-07,DOCUMENT_REVIEW,Documentation discrepancy observed.,MEDIUM,E-163,Verify current approved procedure before closure.,1
INSP-0579,A-061,2025-12-16,VISUAL,Documentation discrepancy observed.,MEDIUM,E-063,Verify current approved procedure before closure.,1
INSP-0580,A-113,2026-08-11,DOCUMENT_REVIEW,Minor surface condition noted.,LOW,E-200,Reinspect during next planned window.,0
INSP-0581,A-066,2025-11-11,FUNCTIONAL_CHECK,Trend requires engineering evaluation.,NONE,E-106,Open corrective work order and increase monitoring frequency.,0
INSP-0582,A-088,2025-12-02,DOCUMENT_REVIEW,Documentation discrepancy observed.,LOW,E-044,Verify current approved procedure before closure.,0
INSP-0583,A-077,2025-11-03,FUNCTIONAL_CHECK,Trend requires engineering evaluation.,NONE,E-056,Open corrective work order and increase monitoring frequency.,0
INSP-0584,A-036,2025-12-04,VISUAL,Documentation discrepancy observed.,NONE,E-082,Verify current approved procedure before closure.,0
INSP-0585,A-105,2026-07-24,CONDITION_MONITORING,Minor surface condition noted.,NONE,E-007,Reinspect during next planned window.,0
INSP-0586,A-017,2026-04-04,DOCUMENT_REVIEW,Documentation discrepancy observed.,MEDIUM,E-225,Verify current approved procedure before closure.,1
INSP-0587,A-026,2026-01-09,DOCUMENT_REVIEW,Minor surface condition noted.,MEDIUM,E-020,Reinspect during next planned window.,1
INSP-0588,A-081,2026-07-31,DOCUMENT_REVIEW,Documentation discrepancy observed.,MEDIUM,E-039,Verify current approved procedure before closure.,1
INSP-0589,A-055,2026-01-29,VISUAL,Trend requires engineering evaluation.,LOW,E-101,Open corrective work order and increase monitoring frequency.,0
INSP-0590,A-035,2025-12-27,FUNCTIONAL_CHECK,No significant degradation detected.,MEDIUM,E-075,Continue routine monitoring.,1
INSP-0591,A-026,2026-05-28,VISUAL,Trend requires engineering evaluation.,NONE,E-044,Open corrective work order and increase monitoring frequency.,0
INSP-0592,A-031,2026-06-10,FUNCTIONAL_CHECK,Trend requires engineering evaluation.,NONE,E-179,Open corrective work order and increase monitoring frequency.,0
INSP-0593,A-094,2026-06-15,FUNCTIONAL_CHECK,Trend requires engineering evaluation.,LOW,E-096,Open corrective work order and increase monitoring frequency.,0
INSP-0594,A-123,2026-04-30,FUNCTIONAL_CHECK,Documentation discrepancy observed.,NONE,E-134,Verify current approved procedure before closure.,0
INSP-0595,A-035,2026-01-22,CONDITION_MONITORING,Trend requires engineering evaluation.,NONE,E-132,Open corrective work order and increase monitoring frequency.,0
INSP-0596,A-033,2026-01-25,DOCUMENT_REVIEW,No significant degradation detected.,MEDIUM,E-163,Continue routine monitoring.,1
INSP-0597,A-046,2026-03-24,VISUAL,Documentation discrepancy observed.,MEDIUM,E-204,Verify current approved procedure before closure.,1
INSP-0598,A-104,2025-11-05,FUNCTIONAL_CHECK,Documentation discrepancy observed.,NONE,E-009,Verify current approved procedure before closure.,0
INSP-0599,A-096,2026-01-20,FUNCTIONAL_CHECK,No significant degradation detected.,LOW,E-219,Continue routine monitoring.,0
INSP-0600,A-018,2026-01-30,VISUAL,No significant degradation detected.,LOW,E-017,Continue routine monitoring.,0
