maintenance_id,asset_id,work_order_id,maintenance_date,maintenance_type,downtime_hours,cost_usd,technician_notes,effectiveness_rating
MH-0001,A-046,WO-00743,2026-04-08,INSPECTION,4.2,5507.53,Follow-up monitoring recommended.,4
MH-0002,A-119,WO-01297,2026-05-19,CALIBRATION,12.5,5799.55,Completed as planned.,4
MH-0003,A-009,WO-01489,2026-01-11,PREVENTIVE,13.8,7410.87,Documentation updated after review.,4
MH-0004,A-124,WO-00709,2025-09-13,INSPECTION,16.6,6230.54,Completed as planned.,4
MH-0005,A-048,WO-00807,2026-05-09,PREVENTIVE,9.7,7442.74,Component adjusted and function checked.,4
MH-0006,A-032,WO-00536,2026-06-30,CALIBRATION,11.1,2383.49,Component adjusted and function checked.,5
MH-0007,A-106,WO-00028,2025-10-28,CALIBRATION,13.6,1876.71,Follow-up monitoring recommended.,5
MH-0008,A-009,WO-01489,2026-01-11,PREVENTIVE,4.0,7066.05,Completed as planned.,4
MH-0009,A-072,WO-00909,2025-09-09,CORRECTIVE,3.6,4659.24,Follow-up monitoring recommended.,3
MH-0010,A-062,WO-01493,2026-09-12,PREVENTIVE,11.9,5876.88,Completed as planned.,4
MH-0011,A-086,WO-01184,2026-01-24,CALIBRATION,14.4,6074.14,Component adjusted and function checked.,5
MH-0012,A-027,WO-00235,2026-04-27,INSPECTION,14.6,3273.9,Follow-up monitoring recommended.,3
MH-0013,A-051,WO-00752,2026-06-01,PREVENTIVE,13.6,1043.05,Follow-up monitoring recommended.,3
MH-0014,A-091,WO-01168,2025-12-22,CORRECTIVE,11.0,2723.15,Follow-up monitoring recommended.,3
MH-0015,A-104,WO-00351,2026-08-15,PREVENTIVE,16.7,1195.84,Component adjusted and function checked.,5
MH-0016,A-030,WO-01111,2025-11-16,PREVENTIVE,14.8,7658.14,Component adjusted and function checked.,5
MH-0017,A-034,WO-00321,2025-10-19,CORRECTIVE,5.2,965.28,Component adjusted and function checked.,4
MH-0018,A-076,WO-01063,2025-09-21,CALIBRATION,16.8,5412.0,Component adjusted and function checked.,3
MH-0019,A-100,WO-00182,2026-06-05,INSPECTION,8.0,6437.17,Follow-up monitoring recommended.,3
MH-0020,A-039,WO-01286,2026-04-21,PREVENTIVE,13.2,1328.38,Documentation updated after review.,4
MH-0021,A-015,WO-00102,2026-08-12,CALIBRATION,13.9,2855.53,Documentation updated after review.,3
MH-0022,A-100,WO-01329,2026-06-27,CORRECTIVE,9.0,1291.59,Documentation updated after review.,4
MH-0023,A-070,WO-00829,2026-05-09,INSPECTION,6.2,6853.41,Documentation updated after review.,3
MH-0024,A-068,WO-00285,2026-06-10,CORRECTIVE,8.7,7135.26,Documentation updated after review.,3
MH-0025,A-043,WO-01109,2026-06-07,INSPECTION,17.1,4995.7,Component adjusted and function checked.,3
MH-0026,A-026,WO-00716,2026-08-24,CALIBRATION,16.2,4635.02,Component adjusted and function checked.,3
MH-0027,A-082,WO-00129,2026-05-18,CALIBRATION,8.6,3754.73,Follow-up monitoring recommended.,4
MH-0028,A-004,WO-01500,2026-01-22,INSPECTION,13.4,951.48,Completed as planned.,5
MH-0029,A-107,WO-00778,2025-12-06,INSPECTION,14.0,3232.54,Completed as planned.,3
MH-0030,A-009,WO-00164,2025-10-07,INSPECTION,7.7,7711.36,Documentation updated after review.,3
MH-0031,A-104,WO-00649,2025-12-14,INSPECTION,17.9,8741.97,Documentation updated after review.,5
MH-0032,A-078,WO-01230,2025-12-13,INSPECTION,11.7,7650.57,Component adjusted and function checked.,3
MH-0033,A-092,WO-00437,2026-03-03,PREVENTIVE,13.7,8308.78,Documentation updated after review.,3
MH-0034,A-068,WO-00356,2026-02-23,PREVENTIVE,5.0,992.55,Component adjusted and function checked.,4
MH-0035,A-015,WO-01077,2026-02-06,CALIBRATION,2.1,5945.7,Follow-up monitoring recommended.,3
MH-0036,A-058,WO-01223,2026-04-13,PREVENTIVE,15.8,3591.34,Completed as planned.,5
MH-0037,A-033,WO-00532,2025-11-17,PREVENTIVE,16.4,977.41,Follow-up monitoring recommended.,4
MH-0038,A-070,WO-00593,2025-10-23,CORRECTIVE,8.7,1590.3,Follow-up monitoring recommended.,5
MH-0039,A-007,WO-00036,2026-04-13,CORRECTIVE,8.0,3077.43,Follow-up monitoring recommended.,5
MH-0040,A-020,WO-01346,2025-10-05,PREVENTIVE,11.9,3592.27,Component adjusted and function checked.,5
MH-0041,A-109,WO-00510,2026-01-31,CALIBRATION,10.4,3444.21,Component adjusted and function checked.,4
MH-0042,A-018,WO-00486,2026-08-21,INSPECTION,3.5,4509.6,Follow-up monitoring recommended.,5
MH-0043,A-066,WO-01115,2026-04-18,INSPECTION,3.0,2056.02,Follow-up monitoring recommended.,3
MH-0044,A-017,WO-00493,2026-06-09,CORRECTIVE,3.9,4546.26,Completed as planned.,4
MH-0045,A-113,WO-01131,2025-12-30,PREVENTIVE,1.6,1585.4,Component adjusted and function checked.,4
MH-0046,A-041,WO-01132,2026-08-04,PREVENTIVE,9.7,7453.19,Documentation updated after review.,4
MH-0047,A-121,WO-00875,2026-08-08,INSPECTION,1.4,6204.51,Component adjusted and function checked.,5
MH-0048,A-006,WO-00187,2026-01-30,INSPECTION,8.5,2246.36,Component adjusted and function checked.,3
MH-0049,A-092,WO-00437,2026-03-03,PREVENTIVE,15.8,4025.88,Follow-up monitoring recommended.,5
MH-0050,A-077,WO-00973,2026-07-27,CORRECTIVE,2.9,8009.03,Component adjusted and function checked.,3
MH-0051,A-103,WO-00641,2025-10-09,CORRECTIVE,14.6,2271.59,Follow-up monitoring recommended.,3
MH-0052,A-119,WO-00583,2025-11-17,PREVENTIVE,11.0,2767.58,Completed as planned.,5
MH-0053,A-031,WO-01065,2026-04-16,CORRECTIVE,4.1,1891.66,Component adjusted and function checked.,4
MH-0054,A-085,WO-00903,2026-08-31,PREVENTIVE,1.0,667.56,Documentation updated after review.,4
MH-0055,A-064,WO-00556,2026-06-13,INSPECTION,17.5,8434.78,Documentation updated after review.,4
MH-0056,A-054,WO-00462,2025-11-02,CALIBRATION,5.1,5799.81,Documentation updated after review.,5
MH-0057,A-100,WO-00029,2026-01-09,CALIBRATION,6.4,4516.92,Follow-up monitoring recommended.,4
MH-0058,A-124,WO-01446,2025-10-25,CORRECTIVE,6.0,8864.31,Documentation updated after review.,4
MH-0059,A-045,WO-00864,2026-07-12,CALIBRATION,17.7,6106.94,Follow-up monitoring recommended.,4
MH-0060,A-021,WO-00918,2025-12-23,CORRECTIVE,9.6,523.51,Component adjusted and function checked.,3
MH-0061,A-011,WO-00976,2025-12-01,PREVENTIVE,17.2,2470.32,Completed as planned.,5
MH-0062,A-008,WO-00418,2025-12-07,CALIBRATION,15.2,2023.75,Component adjusted and function checked.,5
MH-0063,A-055,WO-00317,2026-03-19,CALIBRATION,8.7,5273.33,Documentation updated after review.,5
MH-0064,A-053,WO-01089,2026-07-06,PREVENTIVE,3.7,4680.48,Completed as planned.,5
MH-0065,A-121,WO-01091,2026-05-16,CORRECTIVE,2.2,6874.72,Completed as planned.,4
MH-0066,A-010,WO-01452,2026-06-07,CORRECTIVE,8.4,5514.02,Documentation updated after review.,5
MH-0067,A-024,WO-00349,2026-07-29,CALIBRATION,10.2,2330.73,Follow-up monitoring recommended.,3
MH-0068,A-021,WO-00470,2026-02-09,CALIBRATION,17.2,6524.32,Follow-up monitoring recommended.,4
MH-0069,A-027,WO-00167,2025-12-10,CORRECTIVE,9.3,6419.37,Component adjusted and function checked.,3
MH-0070,A-100,WO-00316,2025-12-04,CALIBRATION,0.8,7819.39,Component adjusted and function checked.,3
MH-0071,A-071,WO-00213,2026-08-15,PREVENTIVE,4.1,4341.83,Completed as planned.,3
MH-0072,A-013,WO-00615,2025-10-28,PREVENTIVE,2.9,8722.12,Follow-up monitoring recommended.,5
MH-0073,A-041,WO-01132,2026-08-04,PREVENTIVE,2.9,8369.29,Follow-up monitoring recommended.,4
MH-0074,A-072,WO-01298,2026-08-06,CALIBRATION,11.3,1443.56,Component adjusted and function checked.,4
MH-0075,A-081,WO-01150,2026-05-30,PREVENTIVE,5.2,7261.43,Component adjusted and function checked.,3
MH-0076,A-042,WO-00748,2026-08-15,CALIBRATION,17.2,5804.79,Documentation updated after review.,5
MH-0077,A-073,WO-01207,2026-01-16,CALIBRATION,15.4,5612.43,Component adjusted and function checked.,3
MH-0078,A-061,WO-00381,2025-12-19,INSPECTION,7.6,8960.58,Documentation updated after review.,4
MH-0079,A-091,WO-00012,2025-11-19,PREVENTIVE,5.3,4415.44,Completed as planned.,4
MH-0080,A-087,WO-00147,2026-09-18,CALIBRATION,16.1,737.79,Follow-up monitoring recommended.,3
MH-0081,A-021,WO-00822,2026-06-13,CALIBRATION,2.6,3429.92,Completed as planned.,5
MH-0082,A-056,WO-01381,2026-02-21,INSPECTION,10.6,5027.0,Follow-up monitoring recommended.,3
MH-0083,A-059,WO-00867,2025-10-07,CORRECTIVE,7.7,3316.71,Documentation updated after review.,5
MH-0084,A-006,WO-00247,2026-03-04,CALIBRATION,5.1,3853.52,Completed as planned.,5
MH-0085,A-056,WO-00723,2026-04-05,CORRECTIVE,15.0,1694.51,Component adjusted and function checked.,4
MH-0086,A-077,WO-00031,2026-07-10,PREVENTIVE,17.6,5694.72,Follow-up monitoring recommended.,4
MH-0087,A-080,WO-01461,2026-04-28,CALIBRATION,13.0,7979.86,Follow-up monitoring recommended.,5
MH-0088,A-100,WO-01138,2026-08-27,INSPECTION,2.0,226.61,Follow-up monitoring recommended.,5
MH-0089,A-079,WO-00598,2026-07-21,INSPECTION,11.7,5069.74,Completed as planned.,5
MH-0090,A-070,WO-00593,2025-10-23,CORRECTIVE,0.9,6087.44,Component adjusted and function checked.,5
MH-0091,A-101,WO-00694,2026-04-02,CORRECTIVE,0.9,5187.24,Documentation updated after review.,3
MH-0092,A-117,WO-00707,2026-07-18,INSPECTION,16.8,5374.93,Follow-up monitoring recommended.,3
MH-0093,A-119,WO-01419,2025-12-10,CALIBRATION,2.1,8993.32,Completed as planned.,3
MH-0094,A-106,WO-01061,2026-08-26,PREVENTIVE,1.6,4359.77,Follow-up monitoring recommended.,3
MH-0095,A-069,WO-00450,2026-05-24,CALIBRATION,11.2,8372.52,Component adjusted and function checked.,5
MH-0096,A-019,WO-01414,2026-02-18,CORRECTIVE,10.5,6810.58,Documentation updated after review.,3
MH-0097,A-044,WO-00391,2026-06-25,PREVENTIVE,10.5,2615.55,Follow-up monitoring recommended.,3
MH-0098,A-091,WO-00176,2026-05-31,CALIBRATION,11.4,7586.59,Follow-up monitoring recommended.,4
MH-0099,A-055,WO-00313,2025-10-28,CALIBRATION,7.8,8020.32,Follow-up monitoring recommended.,5
MH-0100,A-115,WO-00834,2026-01-12,INSPECTION,12.5,1996.75,Component adjusted and function checked.,3
MH-0101,A-072,WO-00909,2025-09-09,CORRECTIVE,15.7,7443.75,Documentation updated after review.,3
MH-0102,A-056,WO-00512,2026-08-09,PREVENTIVE,4.6,6203.96,Follow-up monitoring recommended.,5
MH-0103,A-101,WO-00694,2026-04-02,CORRECTIVE,0.9,3761.77,Completed as planned.,5
MH-0104,A-023,WO-01395,2026-05-25,PREVENTIVE,12.9,510.32,Component adjusted and function checked.,5
MH-0105,A-095,WO-00263,2026-01-24,PREVENTIVE,15.0,727.72,Documentation updated after review.,5
MH-0106,A-125,WO-01257,2026-07-06,INSPECTION,7.7,6115.45,Completed as planned.,4
MH-0107,A-111,WO-00296,2026-05-22,CORRECTIVE,2.8,381.79,Documentation updated after review.,3
MH-0108,A-040,WO-00064,2026-01-11,PREVENTIVE,17.3,6932.88,Completed as planned.,3
MH-0109,A-127,WO-00492,2026-08-27,PREVENTIVE,8.9,703.11,Component adjusted and function checked.,4
MH-0110,A-028,WO-00095,2026-06-13,CALIBRATION,6.6,4629.8,Follow-up monitoring recommended.,4
MH-0111,A-095,WO-00242,2026-07-26,PREVENTIVE,7.0,2800.02,Component adjusted and function checked.,3
MH-0112,A-064,WO-00519,2025-09-28,CORRECTIVE,0.8,3614.42,Follow-up monitoring recommended.,4
MH-0113,A-040,WO-01255,2026-09-27,CORRECTIVE,9.0,598.17,Component adjusted and function checked.,4
MH-0114,A-109,WO-01476,2026-07-03,CALIBRATION,11.0,7622.33,Completed as planned.,5
MH-0115,A-047,WO-00409,2026-08-02,CALIBRATION,5.4,489.61,Documentation updated after review.,3
MH-0116,A-104,WO-00269,2025-10-14,INSPECTION,12.4,4686.54,Documentation updated after review.,5
MH-0117,A-075,WO-00905,2026-06-26,CORRECTIVE,15.7,3232.08,Follow-up monitoring recommended.,5
MH-0118,A-092,WO-00960,2026-07-14,PREVENTIVE,13.2,8717.34,Follow-up monitoring recommended.,5
MH-0119,A-067,WO-00672,2026-08-28,CORRECTIVE,10.1,4315.97,Component adjusted and function checked.,4
MH-0120,A-128,WO-01348,2025-12-16,PREVENTIVE,7.9,6162.98,Documentation updated after review.,5
MH-0121,A-125,WO-01267,2026-05-29,PREVENTIVE,4.2,3865.34,Component adjusted and function checked.,4
MH-0122,A-080,WO-00497,2026-04-16,PREVENTIVE,8.2,6458.92,Component adjusted and function checked.,3
MH-0123,A-059,WO-00200,2026-07-16,CALIBRATION,4.6,7873.97,Completed as planned.,5
MH-0124,A-001,WO-00608,2026-06-19,PREVENTIVE,12.0,4536.99,Component adjusted and function checked.,4
MH-0125,A-022,WO-00946,2026-08-29,INSPECTION,11.7,7723.53,Documentation updated after review.,5
MH-0126,A-037,WO-01067,2025-10-18,CORRECTIVE,10.9,1670.55,Documentation updated after review.,3
MH-0127,A-118,WO-00022,2026-05-10,CORRECTIVE,16.1,6383.68,Completed as planned.,4
MH-0128,A-008,WO-00418,2025-12-07,CALIBRATION,12.2,8469.44,Completed as planned.,5
MH-0129,A-002,WO-00002,2026-06-02,CORRECTIVE,0.7,7622.3,Completed as planned.,5
MH-0130,A-002,WO-00508,2026-06-03,CORRECTIVE,16.7,6488.82,Follow-up monitoring recommended.,4
MH-0131,A-071,WO-00328,2026-05-25,CORRECTIVE,11.1,255.0,Follow-up monitoring recommended.,3
MH-0132,A-019,WO-01414,2026-02-18,CORRECTIVE,6.3,5856.15,Follow-up monitoring recommended.,4
MH-0133,A-063,WO-00385,2026-04-21,CORRECTIVE,11.3,3174.97,Component adjusted and function checked.,4
MH-0134,A-027,WO-01143,2026-07-17,CORRECTIVE,5.3,7693.67,Component adjusted and function checked.,5
MH-0135,A-043,WO-01276,2025-12-10,CORRECTIVE,14.0,2073.98,Completed as planned.,4
MH-0136,A-042,WO-00432,2025-10-05,CALIBRATION,15.9,4313.92,Documentation updated after review.,5
MH-0137,A-041,WO-00249,2026-09-18,INSPECTION,10.8,3294.65,Component adjusted and function checked.,3
MH-0138,A-040,WO-00464,2026-05-16,INSPECTION,1.6,3591.24,Documentation updated after review.,3
MH-0139,A-006,WO-01458,2026-01-06,PREVENTIVE,6.1,5050.51,Follow-up monitoring recommended.,4
MH-0140,A-043,WO-00056,2025-12-17,CORRECTIVE,5.9,7618.24,Component adjusted and function checked.,3
MH-0141,A-126,WO-00850,2026-02-23,PREVENTIVE,2.9,6843.37,Completed as planned.,3
MH-0142,A-003,WO-00677,2026-01-04,PREVENTIVE,16.8,3825.24,Documentation updated after review.,4
MH-0143,A-002,WO-01246,2026-06-15,CORRECTIVE,1.7,6721.62,Documentation updated after review.,3
MH-0144,A-043,WO-00056,2025-12-17,CORRECTIVE,6.6,2267.05,Component adjusted and function checked.,5
MH-0145,A-022,WO-00946,2026-08-29,INSPECTION,7.4,2499.85,Documentation updated after review.,4
MH-0146,A-016,WO-00033,2026-03-24,PREVENTIVE,15.8,1779.1,Component adjusted and function checked.,5
MH-0147,A-041,WO-00249,2026-09-18,INSPECTION,4.7,1918.51,Follow-up monitoring recommended.,4
MH-0148,A-121,WO-00509,2026-06-27,PREVENTIVE,10.0,7246.77,Completed as planned.,4
MH-0149,A-128,WO-00558,2025-09-21,PREVENTIVE,2.4,8581.38,Follow-up monitoring recommended.,4
MH-0150,A-079,WO-00598,2026-07-21,INSPECTION,17.8,2475.91,Follow-up monitoring recommended.,4
MH-0151,A-038,WO-00236,2026-02-23,PREVENTIVE,10.5,1949.23,Component adjusted and function checked.,4
MH-0152,A-029,WO-01495,2025-11-12,PREVENTIVE,2.0,3991.99,Documentation updated after review.,4
MH-0153,A-061,WO-00180,2025-12-09,CORRECTIVE,4.6,3198.6,Follow-up monitoring recommended.,5
MH-0154,A-062,WO-00193,2026-04-12,PREVENTIVE,14.1,2154.79,Component adjusted and function checked.,3
MH-0155,A-040,WO-00308,2026-07-09,INSPECTION,2.9,7255.62,Documentation updated after review.,4
MH-0156,A-125,WO-00243,2026-07-04,PREVENTIVE,14.1,1126.67,Follow-up monitoring recommended.,5
MH-0157,A-109,WO-00510,2026-01-31,CALIBRATION,5.9,2422.43,Completed as planned.,4
MH-0158,A-072,WO-00040,2026-04-24,CORRECTIVE,1.9,2879.79,Follow-up monitoring recommended.,4
MH-0159,A-035,WO-00930,2026-01-30,INSPECTION,1.3,2871.93,Completed as planned.,3
MH-0160,A-047,WO-01107,2026-01-09,CALIBRATION,14.3,6734.04,Component adjusted and function checked.,4
MH-0161,A-027,WO-01143,2026-07-17,CORRECTIVE,12.1,3812.85,Follow-up monitoring recommended.,5
MH-0162,A-106,WO-01415,2026-04-03,INSPECTION,2.1,4492.46,Follow-up monitoring recommended.,4
MH-0163,A-034,WO-01325,2026-04-10,INSPECTION,10.4,5472.52,Completed as planned.,4
MH-0164,A-009,WO-01062,2025-11-14,CORRECTIVE,2.9,8993.34,Documentation updated after review.,4
MH-0165,A-029,WO-01495,2025-11-12,PREVENTIVE,12.9,3335.25,Follow-up monitoring recommended.,5
MH-0166,A-071,WO-00328,2026-05-25,CORRECTIVE,11.9,4969.04,Component adjusted and function checked.,4
MH-0167,A-045,WO-01180,2025-10-11,INSPECTION,13.2,4549.6,Follow-up monitoring recommended.,4
MH-0168,A-015,WO-00185,2026-02-01,CALIBRATION,10.2,4169.47,Component adjusted and function checked.,4
MH-0169,A-076,WO-01047,2026-02-15,PREVENTIVE,17.9,8031.96,Documentation updated after review.,4
MH-0170,A-107,WO-00326,2025-10-23,PREVENTIVE,15.1,4043.67,Component adjusted and function checked.,3
MH-0171,A-096,WO-00138,2026-02-11,CORRECTIVE,12.4,3980.17,Component adjusted and function checked.,3
MH-0172,A-041,WO-00249,2026-09-18,INSPECTION,13.0,5257.84,Completed as planned.,3
MH-0173,A-104,WO-00269,2025-10-14,INSPECTION,4.1,3633.71,Follow-up monitoring recommended.,3
MH-0174,A-100,WO-00316,2025-12-04,CALIBRATION,5.9,7644.03,Follow-up monitoring recommended.,5
MH-0175,A-043,WO-00824,2026-01-03,PREVENTIVE,7.3,7604.84,Follow-up monitoring recommended.,3
MH-0176,A-091,WO-00165,2026-04-24,PREVENTIVE,5.5,1067.62,Follow-up monitoring recommended.,3
MH-0177,A-020,WO-00347,2026-04-22,CALIBRATION,7.0,3303.16,Component adjusted and function checked.,5
MH-0178,A-061,WO-01451,2026-05-28,PREVENTIVE,7.6,1531.99,Follow-up monitoring recommended.,5
MH-0179,A-015,WO-00425,2026-03-28,PREVENTIVE,5.1,343.02,Documentation updated after review.,3
MH-0180,A-102,WO-01284,2026-03-30,INSPECTION,7.0,5806.69,Component adjusted and function checked.,5
MH-0181,A-010,WO-00287,2025-10-02,CORRECTIVE,6.0,3665.2,Completed as planned.,3
MH-0182,A-106,WO-01061,2026-08-26,PREVENTIVE,7.4,1361.99,Follow-up monitoring recommended.,3
MH-0183,A-004,WO-00169,2026-04-17,CALIBRATION,8.8,8813.58,Follow-up monitoring recommended.,3
MH-0184,A-092,WO-00878,2026-01-13,CORRECTIVE,11.6,2679.05,Follow-up monitoring recommended.,5
MH-0185,A-041,WO-00596,2026-03-24,INSPECTION,11.8,4576.87,Documentation updated after review.,3
MH-0186,A-109,WO-01407,2026-08-09,INSPECTION,7.6,5811.57,Follow-up monitoring recommended.,5
MH-0187,A-016,WO-01001,2026-04-19,CORRECTIVE,12.8,4935.45,Follow-up monitoring recommended.,3
MH-0188,A-045,WO-01187,2025-10-27,CALIBRATION,0.8,4058.17,Follow-up monitoring recommended.,4
MH-0189,A-097,WO-00844,2026-04-20,CALIBRATION,13.6,5084.43,Documentation updated after review.,5
MH-0190,A-067,WO-00487,2026-06-08,PREVENTIVE,2.8,3302.66,Follow-up monitoring recommended.,4
MH-0191,A-084,WO-01464,2025-11-09,PREVENTIVE,16.1,850.89,Documentation updated after review.,4
MH-0192,A-067,WO-00423,2026-08-07,CORRECTIVE,7.0,5402.68,Documentation updated after review.,4
MH-0193,A-072,WO-00434,2025-12-31,CORRECTIVE,2.5,3577.25,Completed as planned.,3
MH-0194,A-021,WO-00470,2026-02-09,CALIBRATION,4.6,2539.78,Documentation updated after review.,5
MH-0195,A-015,WO-01424,2026-05-31,INSPECTION,17.9,7996.46,Documentation updated after review.,4
MH-0196,A-027,WO-00658,2026-04-12,CORRECTIVE,0.8,5822.81,Follow-up monitoring recommended.,3
MH-0197,A-020,WO-01311,2026-06-08,CALIBRATION,0.6,3241.36,Completed as planned.,3
MH-0198,A-034,WO-00446,2026-01-17,CORRECTIVE,3.1,8051.33,Component adjusted and function checked.,3
MH-0199,A-028,WO-00095,2026-06-13,CALIBRATION,10.2,1685.05,Follow-up monitoring recommended.,3
MH-0200,A-124,WO-01446,2025-10-25,CORRECTIVE,3.1,6056.78,Follow-up monitoring recommended.,3
MH-0201,A-123,WO-00035,2026-04-10,CORRECTIVE,7.8,8730.73,Follow-up monitoring recommended.,3
MH-0202,A-071,WO-00213,2026-08-15,PREVENTIVE,11.9,1096.33,Completed as planned.,5
MH-0203,A-027,WO-00548,2026-01-13,INSPECTION,11.8,8837.14,Component adjusted and function checked.,3
MH-0204,A-031,WO-01065,2026-04-16,CORRECTIVE,2.0,661.52,Component adjusted and function checked.,5
MH-0205,A-125,WO-00098,2026-01-28,PREVENTIVE,17.2,3244.62,Completed as planned.,4
MH-0206,A-097,WO-00357,2026-04-19,INSPECTION,4.0,2411.15,Documentation updated after review.,4
MH-0207,A-020,WO-01346,2025-10-05,PREVENTIVE,3.6,744.13,Component adjusted and function checked.,3
MH-0208,A-080,WO-00459,2026-03-22,PREVENTIVE,10.1,5577.44,Documentation updated after review.,4
MH-0209,A-096,WO-00671,2026-06-11,INSPECTION,15.4,3852.04,Completed as planned.,5
MH-0210,A-094,WO-00377,2026-08-23,CALIBRATION,5.7,1096.09,Follow-up monitoring recommended.,3
MH-0211,A-104,WO-00413,2025-12-13,CORRECTIVE,9.7,3113.53,Completed as planned.,3
MH-0212,A-027,WO-00837,2025-12-16,INSPECTION,16.4,6634.75,Follow-up monitoring recommended.,3
MH-0213,A-125,WO-00243,2026-07-04,PREVENTIVE,9.4,7947.72,Documentation updated after review.,5
MH-0214,A-128,WO-00468,2026-09-07,CALIBRATION,2.5,8592.89,Documentation updated after review.,3
MH-0215,A-064,WO-00889,2025-12-09,INSPECTION,13.8,656.02,Completed as planned.,4
MH-0216,A-014,WO-00130,2026-03-01,CORRECTIVE,2.0,2892.22,Component adjusted and function checked.,3
MH-0217,A-104,WO-00413,2025-12-13,CORRECTIVE,11.0,6437.43,Documentation updated after review.,4
MH-0218,A-104,WO-00496,2025-10-28,INSPECTION,2.8,8369.07,Documentation updated after review.,3
MH-0219,A-041,WO-01272,2026-06-26,CORRECTIVE,7.9,8165.18,Follow-up monitoring recommended.,3
MH-0220,A-065,WO-01378,2026-05-25,INSPECTION,10.9,8502.86,Completed as planned.,5
MH-0221,A-121,WO-01391,2026-02-10,CALIBRATION,8.3,7638.95,Component adjusted and function checked.,4
MH-0222,A-117,WO-01174,2026-01-17,CALIBRATION,7.6,8605.63,Follow-up monitoring recommended.,3
MH-0223,A-047,WO-01106,2026-04-15,CORRECTIVE,8.2,6474.71,Component adjusted and function checked.,4
MH-0224,A-071,WO-00213,2026-08-15,PREVENTIVE,16.2,6869.42,Documentation updated after review.,5
MH-0225,A-014,WO-00622,2025-09-11,CALIBRATION,16.9,5168.67,Follow-up monitoring recommended.,4
MH-0226,A-089,WO-00323,2026-07-07,CALIBRATION,10.7,5744.47,Component adjusted and function checked.,5
MH-0227,A-072,WO-00909,2025-09-09,CORRECTIVE,15.8,1208.95,Component adjusted and function checked.,3
MH-0228,A-045,WO-00488,2025-11-10,PREVENTIVE,16.3,935.04,Follow-up monitoring recommended.,3
MH-0229,A-098,WO-00673,2025-12-23,CALIBRATION,1.9,635.68,Follow-up monitoring recommended.,3
MH-0230,A-122,WO-00127,2026-03-19,PREVENTIVE,17.4,324.51,Component adjusted and function checked.,5
MH-0231,A-004,WO-00685,2025-10-06,PREVENTIVE,3.2,5652.18,Completed as planned.,4
MH-0232,A-033,WO-00833,2025-10-11,PREVENTIVE,4.8,769.26,Documentation updated after review.,4
MH-0233,A-118,WO-00572,2026-03-11,PREVENTIVE,10.3,5494.05,Completed as planned.,4
MH-0234,A-001,WO-00608,2026-06-19,PREVENTIVE,1.9,1636.49,Documentation updated after review.,5
MH-0235,A-070,WO-00593,2025-10-23,CORRECTIVE,4.7,4984.24,Component adjusted and function checked.,4
MH-0236,A-030,WO-00629,2026-02-26,CORRECTIVE,5.3,5927.88,Documentation updated after review.,5
MH-0237,A-072,WO-00040,2026-04-24,CORRECTIVE,12.5,2695.24,Documentation updated after review.,5
MH-0238,A-078,WO-01217,2026-02-24,CORRECTIVE,14.2,5228.65,Component adjusted and function checked.,5
MH-0239,A-091,WO-00992,2026-03-12,PREVENTIVE,11.8,6340.83,Completed as planned.,4
MH-0240,A-100,WO-00316,2025-12-04,CALIBRATION,2.4,1507.59,Component adjusted and function checked.,4
MH-0241,A-017,WO-00493,2026-06-09,CORRECTIVE,10.5,5102.33,Completed as planned.,3
MH-0242,A-079,WO-00265,2025-11-09,PREVENTIVE,7.3,5196.88,Documentation updated after review.,5
MH-0243,A-016,WO-00915,2026-02-24,INSPECTION,9.8,5570.71,Follow-up monitoring recommended.,4
MH-0244,A-111,WO-00296,2026-05-22,CORRECTIVE,10.5,3384.13,Follow-up monitoring recommended.,5
MH-0245,A-116,WO-00545,2025-09-09,PREVENTIVE,14.0,8923.73,Completed as planned.,5
MH-0246,A-070,WO-00155,2026-04-09,CORRECTIVE,5.2,3196.83,Completed as planned.,5
MH-0247,A-021,WO-00822,2026-06-13,CALIBRATION,8.7,529.86,Completed as planned.,5
MH-0248,A-077,WO-00212,2026-03-30,INSPECTION,14.6,6882.46,Follow-up monitoring recommended.,4
MH-0249,A-063,WO-01368,2026-04-25,PREVENTIVE,7.9,7721.25,Follow-up monitoring recommended.,5
MH-0250,A-052,WO-00238,2026-01-24,INSPECTION,15.9,7663.39,Follow-up monitoring recommended.,3
MH-0251,A-055,WO-00157,2026-03-26,CORRECTIVE,4.2,6308.44,Documentation updated after review.,4
MH-0252,A-126,WO-00026,2026-08-17,CORRECTIVE,2.1,6359.98,Completed as planned.,3
MH-0253,A-090,WO-00912,2026-04-14,INSPECTION,2.1,5325.48,Follow-up monitoring recommended.,3
MH-0254,A-069,WO-00450,2026-05-24,CALIBRATION,17.3,5565.4,Documentation updated after review.,3
MH-0255,A-034,WO-00415,2026-07-28,INSPECTION,10.7,5067.11,Documentation updated after review.,4
MH-0256,A-012,WO-00986,2026-04-30,CALIBRATION,3.1,1091.28,Component adjusted and function checked.,3
MH-0257,A-070,WO-00155,2026-04-09,CORRECTIVE,10.4,3291.15,Completed as planned.,4
MH-0258,A-039,WO-00416,2026-02-27,CORRECTIVE,16.2,515.59,Completed as planned.,3
MH-0259,A-045,WO-01180,2025-10-11,INSPECTION,15.9,2750.15,Completed as planned.,5
MH-0260,A-006,WO-00247,2026-03-04,CALIBRATION,13.0,4608.42,Documentation updated after review.,3
MH-0261,A-070,WO-00829,2026-05-09,INSPECTION,4.5,1571.3,Follow-up monitoring recommended.,4
MH-0262,A-035,WO-00066,2026-05-09,PREVENTIVE,15.2,3332.53,Completed as planned.,5
MH-0263,A-040,WO-01400,2026-06-20,CALIBRATION,8.6,3305.39,Follow-up monitoring recommended.,3
MH-0264,A-118,WO-00071,2025-10-25,INSPECTION,13.6,1052.31,Component adjusted and function checked.,4
MH-0265,A-110,WO-00358,2026-08-20,CORRECTIVE,15.2,957.19,Completed as planned.,5
MH-0266,A-111,WO-00848,2026-06-11,PREVENTIVE,10.4,3107.89,Component adjusted and function checked.,5
MH-0267,A-095,WO-00311,2025-09-09,CALIBRATION,12.8,5366.98,Documentation updated after review.,4
MH-0268,A-053,WO-01089,2026-07-06,PREVENTIVE,2.0,6632.42,Completed as planned.,4
MH-0269,A-092,WO-00931,2026-03-10,CORRECTIVE,13.5,6886.98,Completed as planned.,5
MH-0270,A-113,WO-00869,2026-07-18,PREVENTIVE,5.3,5728.71,Component adjusted and function checked.,4
MH-0271,A-101,WO-00202,2026-06-25,CALIBRATION,12.1,6992.62,Completed as planned.,3
MH-0272,A-004,WO-01339,2026-01-09,CALIBRATION,12.1,2034.11,Completed as planned.,5
MH-0273,A-048,WO-00807,2026-05-09,PREVENTIVE,5.1,3384.03,Follow-up monitoring recommended.,5
MH-0274,A-104,WO-00030,2026-07-20,PREVENTIVE,12.7,8358.51,Documentation updated after review.,5
MH-0275,A-120,WO-00120,2025-12-11,CORRECTIVE,1.4,8307.22,Documentation updated after review.,3
MH-0276,A-033,WO-00532,2025-11-17,PREVENTIVE,6.3,7107.56,Follow-up monitoring recommended.,5
MH-0277,A-017,WO-00493,2026-06-09,CORRECTIVE,15.4,7226.16,Follow-up monitoring recommended.,3
MH-0278,A-074,WO-00304,2026-01-20,CORRECTIVE,4.1,1127.7,Documentation updated after review.,5
MH-0279,A-014,WO-00622,2025-09-11,CALIBRATION,0.6,1257.49,Component adjusted and function checked.,4
MH-0280,A-011,WO-00474,2026-05-26,INSPECTION,11.4,4335.2,Documentation updated after review.,3
MH-0281,A-044,WO-00154,2025-10-13,CALIBRATION,12.0,2354.05,Follow-up monitoring recommended.,4
MH-0282,A-113,WO-00869,2026-07-18,PREVENTIVE,0.6,5840.3,Component adjusted and function checked.,3
MH-0283,A-007,WO-01356,2026-03-15,PREVENTIVE,17.7,4652.11,Completed as planned.,3
MH-0284,A-032,WO-00050,2026-06-19,CORRECTIVE,9.7,4015.47,Completed as planned.,4
MH-0285,A-104,WO-00030,2026-07-20,PREVENTIVE,5.4,5689.97,Documentation updated after review.,5
MH-0286,A-094,WO-00533,2025-10-17,CALIBRATION,4.1,1795.88,Documentation updated after review.,3
MH-0287,A-001,WO-00335,2026-04-12,CALIBRATION,0.6,2206.25,Documentation updated after review.,5
MH-0288,A-039,WO-01444,2026-05-23,PREVENTIVE,12.5,3617.04,Component adjusted and function checked.,4
MH-0289,A-090,WO-00561,2025-11-05,INSPECTION,14.0,3960.91,Component adjusted and function checked.,5
MH-0290,A-090,WO-01266,2025-11-10,CALIBRATION,1.9,2437.75,Completed as planned.,5
MH-0291,A-120,WO-00870,2026-08-13,CORRECTIVE,14.3,3173.9,Component adjusted and function checked.,4
MH-0292,A-111,WO-00181,2026-06-19,CALIBRATION,8.0,3905.47,Component adjusted and function checked.,4
MH-0293,A-122,WO-01411,2026-03-23,CALIBRATION,12.2,6423.1,Component adjusted and function checked.,5
MH-0294,A-045,WO-00806,2025-11-20,INSPECTION,5.7,4717.38,Documentation updated after review.,4
MH-0295,A-096,WO-00060,2025-09-14,PREVENTIVE,13.8,1554.12,Follow-up monitoring recommended.,5
MH-0296,A-021,WO-00205,2025-12-09,INSPECTION,17.8,6608.22,Documentation updated after review.,5
MH-0297,A-030,WO-01294,2026-02-05,PREVENTIVE,11.1,2503.35,Follow-up monitoring recommended.,5
MH-0298,A-043,WO-01109,2026-06-07,INSPECTION,6.7,1172.58,Documentation updated after review.,5
MH-0299,A-121,WO-00509,2026-06-27,PREVENTIVE,11.7,3247.39,Follow-up monitoring recommended.,3
MH-0300,A-006,WO-00187,2026-01-30,INSPECTION,0.6,2735.65,Completed as planned.,5
MH-0301,A-099,WO-00775,2026-05-31,INSPECTION,3.1,7593.55,Documentation updated after review.,3
MH-0302,A-092,WO-00878,2026-01-13,CORRECTIVE,11.1,4021.03,Component adjusted and function checked.,5
MH-0303,A-113,WO-00406,2026-02-16,INSPECTION,17.5,5774.55,Documentation updated after review.,5
MH-0304,A-094,WO-00377,2026-08-23,CALIBRATION,6.5,2775.17,Component adjusted and function checked.,4
MH-0305,A-101,WO-00366,2026-04-04,CALIBRATION,11.9,392.12,Component adjusted and function checked.,4
MH-0306,A-018,WO-00061,2026-01-08,CORRECTIVE,7.0,3154.43,Documentation updated after review.,3
MH-0307,A-100,WO-01301,2026-04-07,CALIBRATION,17.8,2505.52,Component adjusted and function checked.,4
MH-0308,A-096,WO-00860,2026-01-18,CORRECTIVE,17.8,2813.36,Follow-up monitoring recommended.,5
MH-0309,A-023,WO-01192,2026-05-16,PREVENTIVE,16.2,7504.16,Documentation updated after review.,4
MH-0310,A-119,WO-01483,2026-01-24,PREVENTIVE,1.3,6210.69,Documentation updated after review.,3
MH-0311,A-037,WO-00478,2026-01-19,CORRECTIVE,5.7,4630.51,Documentation updated after review.,5
MH-0312,A-090,WO-00544,2026-02-13,CORRECTIVE,1.3,1570.26,Component adjusted and function checked.,3
MH-0313,A-055,WO-01205,2025-10-05,CORRECTIVE,5.0,319.04,Completed as planned.,5
MH-0314,A-024,WO-00349,2026-07-29,CALIBRATION,10.9,6354.93,Completed as planned.,3
MH-0315,A-029,WO-00638,2026-03-15,PREVENTIVE,6.2,794.03,Completed as planned.,4
MH-0316,A-113,WO-00119,2025-12-28,CORRECTIVE,10.2,755.22,Follow-up monitoring recommended.,3
MH-0317,A-092,WO-00878,2026-01-13,CORRECTIVE,2.4,1269.79,Completed as planned.,5
MH-0318,A-078,WO-00131,2026-09-14,CALIBRATION,10.1,3314.96,Follow-up monitoring recommended.,5
MH-0319,A-106,WO-00028,2025-10-28,CALIBRATION,8.5,4800.83,Documentation updated after review.,4
MH-0320,A-092,WO-00325,2026-08-18,CALIBRATION,2.9,1262.63,Completed as planned.,3
MH-0321,A-038,WO-00198,2026-06-25,CALIBRATION,7.6,487.99,Documentation updated after review.,5
MH-0322,A-044,WO-00838,2026-08-31,CORRECTIVE,17.4,3498.25,Follow-up monitoring recommended.,5
MH-0323,A-053,WO-00565,2026-07-02,PREVENTIVE,12.2,3781.27,Follow-up monitoring recommended.,4
MH-0324,A-025,WO-00034,2025-12-26,CORRECTIVE,8.6,3288.76,Component adjusted and function checked.,5
MH-0325,A-067,WO-00487,2026-06-08,PREVENTIVE,6.0,1705.36,Follow-up monitoring recommended.,3
MH-0326,A-013,WO-01343,2026-04-28,CALIBRATION,1.8,1628.85,Follow-up monitoring recommended.,5
MH-0327,A-017,WO-01155,2026-03-09,PREVENTIVE,6.1,1658.81,Follow-up monitoring recommended.,4
MH-0328,A-072,WO-00091,2026-05-20,INSPECTION,7.7,356.25,Documentation updated after review.,3
MH-0329,A-051,WO-00073,2026-06-11,CORRECTIVE,7.5,630.16,Documentation updated after review.,4
MH-0330,A-016,WO-00226,2025-12-28,INSPECTION,8.7,8213.35,Follow-up monitoring recommended.,5
MH-0331,A-047,WO-00969,2025-11-06,CALIBRATION,5.3,5056.97,Component adjusted and function checked.,4
MH-0332,A-031,WO-01041,2026-01-12,PREVENTIVE,14.8,2236.25,Follow-up monitoring recommended.,3
MH-0333,A-023,WO-00721,2025-11-04,CORRECTIVE,9.2,8588.54,Completed as planned.,4
MH-0334,A-048,WO-00191,2026-01-24,CORRECTIVE,14.0,2176.29,Documentation updated after review.,3
MH-0335,A-015,WO-00501,2026-03-19,CORRECTIVE,6.3,7963.79,Follow-up monitoring recommended.,3
MH-0336,A-104,WO-01438,2026-07-12,INSPECTION,3.2,6272.4,Component adjusted and function checked.,3
MH-0337,A-011,WO-00976,2025-12-01,PREVENTIVE,9.0,1416.12,Documentation updated after review.,5
MH-0338,A-072,WO-00260,2026-01-15,CALIBRATION,11.7,3460.22,Completed as planned.,4
MH-0339,A-114,WO-01069,2026-09-18,CORRECTIVE,18.0,4514.03,Component adjusted and function checked.,3
MH-0340,A-087,WO-01004,2026-04-10,PREVENTIVE,4.8,6082.77,Follow-up monitoring recommended.,4
MH-0341,A-080,WO-00400,2025-10-22,PREVENTIVE,1.3,5867.99,Completed as planned.,3
MH-0342,A-071,WO-00411,2026-05-05,PREVENTIVE,10.7,4967.64,Component adjusted and function checked.,5
MH-0343,A-055,WO-00317,2026-03-19,CALIBRATION,7.9,231.86,Documentation updated after review.,3
MH-0344,A-084,WO-01028,2026-02-22,INSPECTION,6.2,1614.04,Completed as planned.,4
MH-0345,A-047,WO-00409,2026-08-02,CALIBRATION,9.5,5317.55,Follow-up monitoring recommended.,4
MH-0346,A-021,WO-00172,2026-06-21,CORRECTIVE,1.8,5794.28,Component adjusted and function checked.,5
MH-0347,A-100,WO-00182,2026-06-05,INSPECTION,4.7,5907.15,Completed as planned.,5
MH-0348,A-041,WO-00163,2025-11-18,CALIBRATION,5.4,7650.37,Documentation updated after review.,3
MH-0349,A-011,WO-00367,2026-04-14,PREVENTIVE,12.2,6678.58,Follow-up monitoring recommended.,4
MH-0350,A-062,WO-00047,2026-06-17,CALIBRATION,3.9,617.18,Documentation updated after review.,3
MH-0351,A-117,WO-01174,2026-01-17,CALIBRATION,17.5,3036.8,Completed as planned.,5
MH-0352,A-111,WO-01066,2026-02-27,CALIBRATION,7.8,8271.43,Component adjusted and function checked.,3
MH-0353,A-108,WO-01313,2026-07-20,CORRECTIVE,6.1,6904.83,Component adjusted and function checked.,5
MH-0354,A-091,WO-01247,2025-11-11,PREVENTIVE,14.3,2079.7,Follow-up monitoring recommended.,5
MH-0355,A-040,WO-01108,2026-01-25,CORRECTIVE,14.2,817.05,Component adjusted and function checked.,4
MH-0356,A-085,WO-01250,2026-04-05,INSPECTION,12.8,316.61,Completed as planned.,3
MH-0357,A-072,WO-01037,2026-07-08,PREVENTIVE,4.0,4342.84,Component adjusted and function checked.,4
MH-0358,A-026,WO-00089,2026-04-30,CALIBRATION,14.8,4682.3,Completed as planned.,5
MH-0359,A-025,WO-00399,2026-01-15,PREVENTIVE,10.2,1390.17,Completed as planned.,4
MH-0360,A-117,WO-00707,2026-07-18,INSPECTION,9.5,331.89,Documentation updated after review.,4
MH-0361,A-128,WO-00507,2025-09-26,PREVENTIVE,12.2,1819.82,Follow-up monitoring recommended.,5
MH-0362,A-071,WO-01236,2026-02-27,CORRECTIVE,17.8,2596.5,Follow-up monitoring recommended.,5
MH-0363,A-127,WO-00492,2026-08-27,PREVENTIVE,7.4,5515.82,Follow-up monitoring recommended.,3
MH-0364,A-081,WO-01263,2025-10-28,CORRECTIVE,7.5,4213.78,Component adjusted and function checked.,3
MH-0365,A-103,WO-00654,2026-04-07,PREVENTIVE,4.3,4415.43,Component adjusted and function checked.,5
MH-0366,A-106,WO-01061,2026-08-26,PREVENTIVE,13.8,8649.79,Documentation updated after review.,4
MH-0367,A-074,WO-00304,2026-01-20,CORRECTIVE,7.9,6057.25,Follow-up monitoring recommended.,4
MH-0368,A-090,WO-01202,2026-08-25,INSPECTION,7.0,7321.93,Follow-up monitoring recommended.,5
MH-0369,A-108,WO-00457,2026-09-02,INSPECTION,5.9,3022.32,Follow-up monitoring recommended.,5
MH-0370,A-045,WO-00864,2026-07-12,CALIBRATION,11.5,551.07,Documentation updated after review.,5
MH-0371,A-043,WO-00919,2026-08-26,INSPECTION,8.0,819.72,Component adjusted and function checked.,5
MH-0372,A-014,WO-01429,2026-08-13,CORRECTIVE,17.3,8391.68,Component adjusted and function checked.,5
MH-0373,A-084,WO-01211,2025-12-06,CALIBRATION,10.0,4351.7,Documentation updated after review.,3
MH-0374,A-095,WO-01203,2025-11-14,INSPECTION,3.8,6140.21,Completed as planned.,3
MH-0375,A-110,WO-01258,2026-08-31,INSPECTION,11.6,2734.73,Component adjusted and function checked.,4
MH-0376,A-125,WO-00243,2026-07-04,PREVENTIVE,2.6,8789.22,Completed as planned.,3
MH-0377,A-038,WO-00236,2026-02-23,PREVENTIVE,9.1,5515.95,Component adjusted and function checked.,5
MH-0378,A-053,WO-00225,2026-01-05,PREVENTIVE,15.9,6236.15,Completed as planned.,3
MH-0379,A-003,WO-00677,2026-01-04,PREVENTIVE,2.7,1720.94,Documentation updated after review.,3
MH-0380,A-071,WO-00411,2026-05-05,PREVENTIVE,4.8,5495.69,Follow-up monitoring recommended.,3
MH-0381,A-003,WO-01487,2025-12-20,CORRECTIVE,17.2,7451.33,Documentation updated after review.,4
MH-0382,A-007,WO-01384,2025-10-21,CORRECTIVE,16.2,567.3,Follow-up monitoring recommended.,4
MH-0383,A-115,WO-00834,2026-01-12,INSPECTION,16.1,837.32,Documentation updated after review.,4
MH-0384,A-058,WO-00103,2025-12-09,CORRECTIVE,16.9,8674.82,Follow-up monitoring recommended.,5
MH-0385,A-046,WO-00743,2026-04-08,INSPECTION,7.5,6842.38,Completed as planned.,5
MH-0386,A-033,WO-00689,2026-07-08,CALIBRATION,2.8,602.13,Documentation updated after review.,3
MH-0387,A-020,WO-00184,2026-04-18,PREVENTIVE,12.0,7968.17,Component adjusted and function checked.,4
MH-0388,A-046,WO-00585,2026-03-31,PREVENTIVE,16.3,7990.22,Completed as planned.,4
MH-0389,A-024,WO-00349,2026-07-29,CALIBRATION,14.3,7926.5,Documentation updated after review.,3
MH-0390,A-008,WO-00452,2026-08-18,CALIBRATION,14.4,8702.81,Documentation updated after review.,4
MH-0391,A-003,WO-01081,2025-10-19,INSPECTION,3.6,6081.37,Follow-up monitoring recommended.,4
MH-0392,A-032,WO-00050,2026-06-19,CORRECTIVE,15.3,7504.63,Completed as planned.,3
MH-0393,A-047,WO-00499,2026-10-03,CORRECTIVE,17.4,5271.93,Follow-up monitoring recommended.,4
MH-0394,A-114,WO-01198,2026-07-01,INSPECTION,5.4,7749.38,Component adjusted and function checked.,5
MH-0395,A-046,WO-01249,2026-07-14,INSPECTION,7.8,2490.76,Documentation updated after review.,4
MH-0396,A-112,WO-01144,2026-01-17,CALIBRATION,15.2,6273.31,Documentation updated after review.,5
MH-0397,A-105,WO-00791,2026-04-25,INSPECTION,3.2,8948.09,Component adjusted and function checked.,5
MH-0398,A-073,WO-00365,2026-05-11,CORRECTIVE,7.3,4365.42,Completed as planned.,3
MH-0399,A-085,WO-01341,2026-08-27,CORRECTIVE,10.8,1422.75,Follow-up monitoring recommended.,5
MH-0400,A-095,WO-01203,2025-11-14,INSPECTION,9.4,6631.32,Component adjusted and function checked.,3
MH-0401,A-104,WO-00351,2026-08-15,PREVENTIVE,9.0,3792.04,Documentation updated after review.,4
MH-0402,A-067,WO-00968,2026-05-14,INSPECTION,3.9,7285.04,Follow-up monitoring recommended.,5
MH-0403,A-113,WO-00868,2026-01-24,PREVENTIVE,4.0,2317.37,Component adjusted and function checked.,5
MH-0404,A-053,WO-00712,2026-07-21,PREVENTIVE,15.5,4252.48,Follow-up monitoring recommended.,4
MH-0405,A-043,WO-00056,2025-12-17,CORRECTIVE,5.7,5137.22,Completed as planned.,3
MH-0406,A-079,WO-00780,2025-10-06,CALIBRATION,7.4,3311.12,Follow-up monitoring recommended.,4
MH-0407,A-074,WO-00517,2026-07-15,CORRECTIVE,13.3,7394.24,Component adjusted and function checked.,3
MH-0408,A-005,WO-00125,2026-05-14,PREVENTIVE,9.3,792.0,Component adjusted and function checked.,5
MH-0409,A-107,WO-00326,2025-10-23,PREVENTIVE,4.9,4927.74,Completed as planned.,5
MH-0410,A-110,WO-00358,2026-08-20,CORRECTIVE,11.6,6677.87,Component adjusted and function checked.,5
MH-0411,A-119,WO-00583,2025-11-17,PREVENTIVE,13.6,611.52,Follow-up monitoring recommended.,5
MH-0412,A-070,WO-00593,2025-10-23,CORRECTIVE,4.0,7892.37,Documentation updated after review.,4
MH-0413,A-061,WO-00241,2026-07-02,CALIBRATION,16.9,6807.37,Follow-up monitoring recommended.,5
MH-0414,A-026,WO-00716,2026-08-24,CALIBRATION,16.7,3466.37,Follow-up monitoring recommended.,3
MH-0415,A-009,WO-01489,2026-01-11,PREVENTIVE,17.7,1947.3,Component adjusted and function checked.,3
MH-0416,A-076,WO-00690,2025-10-04,INSPECTION,12.7,4329.18,Component adjusted and function checked.,3
MH-0417,A-084,WO-01445,2025-12-08,CALIBRATION,8.8,8395.9,Component adjusted and function checked.,5
MH-0418,A-064,WO-00454,2025-11-09,CORRECTIVE,5.9,4731.18,Follow-up monitoring recommended.,4
MH-0419,A-007,WO-00108,2026-09-12,CALIBRATION,6.1,8903.39,Component adjusted and function checked.,3
MH-0420,A-055,WO-00555,2025-12-24,INSPECTION,6.4,1915.01,Documentation updated after review.,3
MH-0421,A-057,WO-01200,2026-08-15,CALIBRATION,15.1,5166.72,Follow-up monitoring recommended.,5
MH-0422,A-073,WO-00051,2026-08-18,CORRECTIVE,2.3,3556.57,Documentation updated after review.,5
MH-0423,A-001,WO-01369,2026-08-28,INSPECTION,16.6,5823.76,Documentation updated after review.,3
MH-0424,A-035,WO-00930,2026-01-30,INSPECTION,13.9,619.07,Follow-up monitoring recommended.,4
MH-0425,A-019,WO-00408,2025-11-26,PREVENTIVE,8.4,7906.65,Component adjusted and function checked.,5
MH-0426,A-019,WO-01414,2026-02-18,CORRECTIVE,13.8,7904.56,Completed as planned.,3
MH-0427,A-067,WO-00672,2026-08-28,CORRECTIVE,5.9,2514.82,Follow-up monitoring recommended.,4
MH-0428,A-034,WO-00525,2026-08-16,INSPECTION,6.1,986.62,Follow-up monitoring recommended.,5
MH-0429,A-092,WO-00943,2026-07-16,PREVENTIVE,13.4,706.91,Follow-up monitoring recommended.,5
MH-0430,A-068,WO-00285,2026-06-10,CORRECTIVE,6.0,3890.43,Follow-up monitoring recommended.,3
MH-0431,A-061,WO-00815,2025-12-26,CALIBRATION,5.3,5247.49,Follow-up monitoring recommended.,5
MH-0432,A-045,WO-00806,2025-11-20,INSPECTION,14.8,2770.05,Completed as planned.,4
MH-0433,A-016,WO-00948,2026-01-21,CORRECTIVE,5.0,3290.57,Completed as planned.,3
MH-0434,A-029,WO-00638,2026-03-15,PREVENTIVE,7.6,6560.75,Documentation updated after review.,4
MH-0435,A-062,WO-00124,2025-10-10,INSPECTION,4.4,6495.49,Follow-up monitoring recommended.,5
MH-0436,A-069,WO-01254,2026-02-20,INSPECTION,12.9,6266.04,Completed as planned.,5
MH-0437,A-111,WO-01017,2026-06-10,CALIBRATION,5.0,8542.05,Component adjusted and function checked.,3
MH-0438,A-064,WO-00454,2025-11-09,CORRECTIVE,9.1,2900.76,Completed as planned.,4
MH-0439,A-076,WO-01013,2025-09-26,PREVENTIVE,1.0,593.6,Documentation updated after review.,3
MH-0440,A-041,WO-00249,2026-09-18,INSPECTION,10.3,8937.95,Component adjusted and function checked.,5
MH-0441,A-019,WO-00804,2026-06-21,CALIBRATION,2.8,8039.85,Component adjusted and function checked.,4
MH-0442,A-084,WO-00189,2026-03-25,CORRECTIVE,3.4,6160.81,Documentation updated after review.,3
MH-0443,A-054,WO-00462,2025-11-02,CALIBRATION,0.6,8677.85,Completed as planned.,4
MH-0444,A-094,WO-00825,2025-09-28,PREVENTIVE,13.9,1646.3,Component adjusted and function checked.,5
MH-0445,A-030,WO-01294,2026-02-05,PREVENTIVE,6.0,5798.29,Follow-up monitoring recommended.,3
MH-0446,A-126,WO-00282,2026-06-07,PREVENTIVE,12.2,5289.1,Completed as planned.,5
MH-0447,A-119,WO-01006,2026-01-14,INSPECTION,12.1,606.28,Follow-up monitoring recommended.,5
MH-0448,A-038,WO-00198,2026-06-25,CALIBRATION,14.5,6183.71,Documentation updated after review.,5
MH-0449,A-041,WO-00163,2025-11-18,CALIBRATION,6.9,893.75,Follow-up monitoring recommended.,5
MH-0450,A-008,WO-00327,2026-07-07,INSPECTION,1.8,2278.04,Follow-up monitoring recommended.,3
MH-0451,A-115,WO-00440,2026-05-04,CALIBRATION,12.0,2654.2,Component adjusted and function checked.,5
MH-0452,A-015,WO-01085,2026-03-04,INSPECTION,11.9,5753.71,Follow-up monitoring recommended.,4
MH-0453,A-120,WO-00983,2026-08-01,PREVENTIVE,10.8,8855.94,Completed as planned.,3
MH-0454,A-012,WO-00784,2026-01-01,INSPECTION,10.1,1298.67,Documentation updated after review.,4
MH-0455,A-110,WO-00524,2026-07-09,PREVENTIVE,16.5,8905.42,Component adjusted and function checked.,4
MH-0456,A-115,WO-00834,2026-01-12,INSPECTION,9.4,7877.53,Completed as planned.,3
MH-0457,A-095,WO-00857,2025-12-01,INSPECTION,1.9,1186.3,Documentation updated after review.,5
MH-0458,A-067,WO-00363,2026-05-27,PREVENTIVE,15.2,7812.55,Follow-up monitoring recommended.,3
MH-0459,A-069,WO-00450,2026-05-24,CALIBRATION,13.5,7659.9,Follow-up monitoring recommended.,5
MH-0460,A-031,WO-00987,2025-09-11,INSPECTION,3.9,5108.97,Completed as planned.,3
MH-0461,A-055,WO-00566,2026-06-15,CALIBRATION,0.9,7461.91,Component adjusted and function checked.,3
MH-0462,A-087,WO-00521,2026-01-24,CALIBRATION,5.5,3441.68,Component adjusted and function checked.,3
MH-0463,A-038,WO-00698,2025-11-13,CORRECTIVE,17.0,4157.41,Follow-up monitoring recommended.,3
MH-0464,A-040,WO-00464,2026-05-16,INSPECTION,2.8,2547.78,Follow-up monitoring recommended.,5
MH-0465,A-100,WO-00029,2026-01-09,CALIBRATION,11.8,7976.65,Component adjusted and function checked.,3
MH-0466,A-012,WO-00986,2026-04-30,CALIBRATION,4.3,7552.47,Component adjusted and function checked.,5
MH-0467,A-034,WO-01340,2026-09-11,CALIBRATION,1.4,7065.39,Documentation updated after review.,4
MH-0468,A-086,WO-00224,2026-07-06,CALIBRATION,1.9,5728.19,Component adjusted and function checked.,5
MH-0469,A-124,WO-01299,2025-12-20,CORRECTIVE,7.8,6714.52,Documentation updated after review.,4
MH-0470,A-098,WO-01197,2025-12-31,CALIBRATION,17.9,879.86,Follow-up monitoring recommended.,4
MH-0471,A-025,WO-00399,2026-01-15,PREVENTIVE,17.8,2566.69,Completed as planned.,5
MH-0472,A-038,WO-00236,2026-02-23,PREVENTIVE,9.5,259.83,Completed as planned.,3
MH-0473,A-059,WO-01043,2025-11-18,CORRECTIVE,5.1,2100.12,Completed as planned.,3
MH-0474,A-121,WO-00480,2025-11-11,INSPECTION,4.8,6360.31,Completed as planned.,3
MH-0475,A-008,WO-01160,2026-07-08,CORRECTIVE,12.4,2918.89,Completed as planned.,5
MH-0476,A-108,WO-01426,2026-08-20,CORRECTIVE,9.9,8970.63,Follow-up monitoring recommended.,3
MH-0477,A-122,WO-00262,2025-12-04,INSPECTION,10.0,7195.35,Follow-up monitoring recommended.,3
MH-0478,A-020,WO-00347,2026-04-22,CALIBRATION,7.2,8993.93,Completed as planned.,5
MH-0479,A-018,WO-00483,2026-06-22,CALIBRATION,13.2,7149.23,Documentation updated after review.,5
MH-0480,A-126,WO-00026,2026-08-17,CORRECTIVE,9.6,1875.48,Completed as planned.,5
MH-0481,A-068,WO-00356,2026-02-23,PREVENTIVE,10.2,442.34,Completed as planned.,4
MH-0482,A-024,WO-00045,2025-11-09,PREVENTIVE,14.2,7801.76,Component adjusted and function checked.,4
MH-0483,A-122,WO-00805,2026-04-05,INSPECTION,3.8,7572.47,Completed as planned.,4
MH-0484,A-039,WO-00279,2025-09-17,CORRECTIVE,15.5,6482.75,Follow-up monitoring recommended.,3
MH-0485,A-072,WO-01037,2026-07-08,PREVENTIVE,17.7,829.68,Follow-up monitoring recommended.,4
MH-0486,A-027,WO-00235,2026-04-27,INSPECTION,17.6,3190.94,Follow-up monitoring recommended.,3
MH-0487,A-081,WO-01362,2026-04-17,INSPECTION,15.3,6872.75,Completed as planned.,5
MH-0488,A-054,WO-01474,2026-03-21,CALIBRATION,14.3,8740.96,Component adjusted and function checked.,3
MH-0489,A-101,WO-00571,2025-11-21,CORRECTIVE,3.3,8023.48,Documentation updated after review.,4
MH-0490,A-048,WO-00807,2026-05-09,PREVENTIVE,9.3,5105.53,Documentation updated after review.,3
MH-0491,A-022,WO-01323,2026-03-03,INSPECTION,13.5,6956.51,Completed as planned.,3
MH-0492,A-046,WO-00892,2025-11-30,CORRECTIVE,3.6,2465.97,Component adjusted and function checked.,5
MH-0493,A-032,WO-00050,2026-06-19,CORRECTIVE,8.5,2653.68,Completed as planned.,4
MH-0494,A-059,WO-00867,2025-10-07,CORRECTIVE,15.6,6228.69,Component adjusted and function checked.,5
MH-0495,A-070,WO-00829,2026-05-09,INSPECTION,12.0,5820.58,Component adjusted and function checked.,5
MH-0496,A-098,WO-00673,2025-12-23,CALIBRATION,11.7,7201.97,Follow-up monitoring recommended.,5
MH-0497,A-128,WO-00558,2025-09-21,PREVENTIVE,10.4,2974.66,Completed as planned.,4
MH-0498,A-048,WO-00191,2026-01-24,CORRECTIVE,13.0,2683.79,Completed as planned.,4
MH-0499,A-081,WO-00160,2026-05-16,CALIBRATION,2.0,2751.04,Completed as planned.,5
MH-0500,A-024,WO-00045,2025-11-09,PREVENTIVE,11.0,4288.68,Completed as planned.,3
MH-0501,A-071,WO-00560,2025-12-25,CALIBRATION,2.2,2330.53,Documentation updated after review.,3
MH-0502,A-001,WO-00665,2026-04-11,CALIBRATION,1.6,6865.82,Completed as planned.,4
MH-0503,A-040,WO-00504,2026-04-12,CALIBRATION,9.0,3459.23,Documentation updated after review.,5
MH-0504,A-004,WO-01339,2026-01-09,CALIBRATION,12.6,2340.04,Component adjusted and function checked.,4
MH-0505,A-061,WO-00180,2025-12-09,CORRECTIVE,8.0,7350.79,Component adjusted and function checked.,3
MH-0506,A-045,WO-01237,2026-08-28,CORRECTIVE,10.2,4141.39,Follow-up monitoring recommended.,3
MH-0507,A-061,WO-00277,2026-05-14,INSPECTION,9.7,7202.78,Documentation updated after review.,4
MH-0508,A-099,WO-00024,2026-05-27,CALIBRATION,4.4,3098.33,Component adjusted and function checked.,5
MH-0509,A-108,WO-00574,2026-06-12,CALIBRATION,1.7,2160.39,Completed as planned.,5
MH-0510,A-057,WO-00766,2025-10-23,CALIBRATION,14.2,7257.85,Follow-up monitoring recommended.,5
MH-0511,A-043,WO-00632,2026-08-23,INSPECTION,14.3,4488.49,Follow-up monitoring recommended.,5
MH-0512,A-021,WO-00822,2026-06-13,CALIBRATION,15.3,5312.5,Completed as planned.,4
MH-0513,A-042,WO-00395,2026-05-18,CALIBRATION,6.4,2955.27,Component adjusted and function checked.,3
MH-0514,A-081,WO-00513,2026-08-29,INSPECTION,5.5,1573.72,Follow-up monitoring recommended.,4
MH-0515,A-086,WO-00224,2026-07-06,CALIBRATION,15.6,6992.48,Component adjusted and function checked.,5
MH-0516,A-051,WO-01114,2025-10-16,CORRECTIVE,9.6,577.94,Completed as planned.,5
MH-0517,A-016,WO-01031,2026-10-02,PREVENTIVE,7.1,8752.3,Component adjusted and function checked.,5
MH-0518,A-094,WO-00533,2025-10-17,CALIBRATION,14.1,636.31,Component adjusted and function checked.,4
MH-0519,A-032,WO-01335,2025-09-14,CALIBRATION,2.2,778.21,Component adjusted and function checked.,5
MH-0520,A-049,WO-00630,2026-01-07,PREVENTIVE,17.7,5783.81,Component adjusted and function checked.,5
MH-0521,A-113,WO-01473,2025-12-01,INSPECTION,5.7,4707.71,Completed as planned.,4
MH-0522,A-040,WO-00039,2026-08-24,CORRECTIVE,3.5,8510.81,Follow-up monitoring recommended.,5
MH-0523,A-127,WO-00360,2026-02-02,CALIBRATION,4.5,2776.29,Component adjusted and function checked.,4
MH-0524,A-110,WO-01377,2026-04-06,CALIBRATION,7.4,3855.66,Component adjusted and function checked.,3
MH-0525,A-087,WO-01004,2026-04-10,PREVENTIVE,13.0,2702.73,Completed as planned.,4
MH-0526,A-084,WO-01211,2025-12-06,CALIBRATION,6.5,586.29,Completed as planned.,5
MH-0527,A-102,WO-01465,2025-12-15,CORRECTIVE,17.4,7218.07,Component adjusted and function checked.,4
MH-0528,A-092,WO-00482,2025-09-06,CALIBRATION,5.5,1712.87,Follow-up monitoring recommended.,3
MH-0529,A-011,WO-00367,2026-04-14,PREVENTIVE,2.4,4868.32,Component adjusted and function checked.,4
MH-0530,A-048,WO-00191,2026-01-24,CORRECTIVE,17.8,7910.83,Component adjusted and function checked.,5
MH-0531,A-037,WO-00175,2025-10-26,CALIBRATION,3.8,5925.93,Follow-up monitoring recommended.,5
MH-0532,A-035,WO-00066,2026-05-09,PREVENTIVE,5.4,5085.92,Completed as planned.,3
MH-0533,A-020,WO-01488,2025-11-18,CALIBRATION,0.6,8747.37,Component adjusted and function checked.,5
MH-0534,A-092,WO-01427,2025-12-22,INSPECTION,12.2,8647.95,Documentation updated after review.,5
MH-0535,A-044,WO-01370,2026-03-14,PREVENTIVE,4.4,3786.02,Follow-up monitoring recommended.,5
MH-0536,A-122,WO-00370,2026-05-23,CALIBRATION,4.5,3700.0,Follow-up monitoring recommended.,3
MH-0537,A-007,WO-00516,2026-04-16,CORRECTIVE,0.6,3644.11,Completed as planned.,3
MH-0538,A-010,WO-00751,2025-11-09,CORRECTIVE,4.0,1429.65,Follow-up monitoring recommended.,4
MH-0539,A-055,WO-00313,2025-10-28,CALIBRATION,1.6,5579.27,Completed as planned.,4
MH-0540,A-104,WO-00649,2025-12-14,INSPECTION,9.1,1151.02,Documentation updated after review.,5
MH-0541,A-018,WO-01365,2026-08-15,INSPECTION,16.1,7566.86,Follow-up monitoring recommended.,4
MH-0542,A-085,WO-00371,2026-01-21,PREVENTIVE,17.7,2430.85,Follow-up monitoring recommended.,3
MH-0543,A-071,WO-00328,2026-05-25,CORRECTIVE,6.7,1439.72,Completed as planned.,5
MH-0544,A-108,WO-00941,2026-05-19,INSPECTION,5.8,6028.61,Follow-up monitoring recommended.,3
MH-0545,A-125,WO-00243,2026-07-04,PREVENTIVE,9.6,5213.09,Completed as planned.,4
MH-0546,A-019,WO-00145,2025-12-11,INSPECTION,1.7,2624.8,Follow-up monitoring recommended.,3
MH-0547,A-018,WO-01375,2026-04-26,PREVENTIVE,2.1,1669.68,Completed as planned.,5
MH-0548,A-012,WO-00784,2026-01-01,INSPECTION,1.7,2665.21,Follow-up monitoring recommended.,5
MH-0549,A-070,WO-00829,2026-05-09,INSPECTION,1.2,1291.0,Completed as planned.,5
MH-0550,A-076,WO-00214,2025-11-27,INSPECTION,15.3,520.88,Component adjusted and function checked.,4
MH-0551,A-126,WO-00850,2026-02-23,PREVENTIVE,17.7,6704.71,Completed as planned.,5
MH-0552,A-081,WO-00160,2026-05-16,CALIBRATION,15.2,797.27,Component adjusted and function checked.,5
MH-0553,A-121,WO-01391,2026-02-10,CALIBRATION,3.2,7995.03,Completed as planned.,3
MH-0554,A-011,WO-00663,2025-11-13,CORRECTIVE,12.2,4111.45,Documentation updated after review.,3
MH-0555,A-126,WO-00850,2026-02-23,PREVENTIVE,6.6,720.98,Component adjusted and function checked.,4
MH-0556,A-067,WO-00363,2026-05-27,PREVENTIVE,5.8,7082.62,Follow-up monitoring recommended.,5
MH-0557,A-111,WO-01472,2026-01-13,CORRECTIVE,10.9,3127.35,Component adjusted and function checked.,3
MH-0558,A-105,WO-00020,2026-06-29,CALIBRATION,15.4,1407.48,Follow-up monitoring recommended.,4
MH-0559,A-075,WO-01026,2025-10-15,INSPECTION,5.3,8840.68,Completed as planned.,5
MH-0560,A-005,WO-00373,2026-08-08,PREVENTIVE,7.7,5675.26,Documentation updated after review.,4
MH-0561,A-043,WO-01276,2025-12-10,CORRECTIVE,9.7,8090.38,Documentation updated after review.,5
MH-0562,A-073,WO-00289,2026-05-26,CORRECTIVE,16.9,4773.54,Component adjusted and function checked.,5
MH-0563,A-024,WO-00045,2025-11-09,PREVENTIVE,1.8,3569.11,Follow-up monitoring recommended.,3
MH-0564,A-080,WO-00497,2026-04-16,PREVENTIVE,17.1,2190.59,Component adjusted and function checked.,4
MH-0565,A-072,WO-01421,2025-11-19,CORRECTIVE,16.8,6507.59,Follow-up monitoring recommended.,4
MH-0566,A-017,WO-00530,2025-11-20,PREVENTIVE,16.3,5578.78,Completed as planned.,4
MH-0567,A-122,WO-00262,2025-12-04,INSPECTION,17.9,4439.35,Component adjusted and function checked.,4
MH-0568,A-117,WO-00707,2026-07-18,INSPECTION,14.9,6800.95,Follow-up monitoring recommended.,5
MH-0569,A-094,WO-00533,2025-10-17,CALIBRATION,14.8,5210.18,Completed as planned.,5
MH-0570,A-063,WO-00882,2025-12-03,PREVENTIVE,14.8,1090.21,Follow-up monitoring recommended.,3
MH-0571,A-086,WO-00801,2025-11-10,PREVENTIVE,5.9,5555.75,Component adjusted and function checked.,3
MH-0572,A-092,WO-00437,2026-03-03,PREVENTIVE,3.7,2565.54,Follow-up monitoring recommended.,3
MH-0573,A-121,WO-01391,2026-02-10,CALIBRATION,13.8,1036.87,Documentation updated after review.,5
MH-0574,A-078,WO-00681,2025-11-06,CALIBRATION,14.5,324.35,Documentation updated after review.,4
MH-0575,A-038,WO-00582,2026-01-08,CORRECTIVE,7.7,807.28,Component adjusted and function checked.,3
MH-0576,A-065,WO-01486,2025-10-13,INSPECTION,2.9,5539.04,Documentation updated after review.,3
MH-0577,A-080,WO-01123,2026-05-28,CALIBRATION,3.2,651.45,Follow-up monitoring recommended.,4
MH-0578,A-084,WO-01178,2026-08-11,CORRECTIVE,14.3,5525.86,Documentation updated after review.,4
MH-0579,A-018,WO-00483,2026-06-22,CALIBRATION,13.9,3774.82,Completed as planned.,3
MH-0580,A-034,WO-00525,2026-08-16,INSPECTION,15.7,6406.48,Completed as planned.,3
MH-0581,A-016,WO-00104,2026-06-19,CORRECTIVE,2.0,8950.23,Documentation updated after review.,5
MH-0582,A-056,WO-00116,2025-10-08,PREVENTIVE,9.3,5444.51,Completed as planned.,3
MH-0583,A-082,WO-00017,2026-01-11,INSPECTION,5.0,7520.34,Component adjusted and function checked.,5
MH-0584,A-104,WO-00496,2025-10-28,INSPECTION,9.9,1888.94,Follow-up monitoring recommended.,3
MH-0585,A-015,WO-00501,2026-03-19,CORRECTIVE,10.6,5728.31,Completed as planned.,5
MH-0586,A-021,WO-00470,2026-02-09,CALIBRATION,10.4,391.57,Component adjusted and function checked.,4
MH-0587,A-070,WO-00829,2026-05-09,INSPECTION,7.2,5477.57,Documentation updated after review.,4
MH-0588,A-046,WO-00892,2025-11-30,CORRECTIVE,8.6,2084.62,Follow-up monitoring recommended.,3
MH-0589,A-076,WO-01047,2026-02-15,PREVENTIVE,15.5,1914.56,Documentation updated after review.,4
MH-0590,A-060,WO-01278,2026-02-22,PREVENTIVE,17.1,3843.11,Component adjusted and function checked.,5
MH-0591,A-051,WO-00073,2026-06-11,CORRECTIVE,12.8,1203.38,Documentation updated after review.,3
MH-0592,A-086,WO-00715,2025-11-24,CORRECTIVE,2.7,2435.82,Component adjusted and function checked.,4
MH-0593,A-024,WO-01316,2026-08-25,INSPECTION,3.2,4481.09,Documentation updated after review.,5
MH-0594,A-086,WO-00883,2026-01-07,CORRECTIVE,17.8,3218.26,Documentation updated after review.,5
MH-0595,A-121,WO-01027,2025-10-21,INSPECTION,5.6,7414.31,Completed as planned.,4
MH-0596,A-042,WO-00997,2026-05-26,PREVENTIVE,13.8,3944.52,Follow-up monitoring recommended.,4
MH-0597,A-079,WO-01124,2026-03-19,PREVENTIVE,4.0,479.52,Follow-up monitoring recommended.,5
MH-0598,A-115,WO-00834,2026-01-12,INSPECTION,7.4,6559.61,Component adjusted and function checked.,3
MH-0599,A-110,WO-00072,2026-08-21,PREVENTIVE,3.8,4897.42,Follow-up monitoring recommended.,5
MH-0600,A-123,WO-00731,2026-01-08,CALIBRATION,7.4,7544.8,Follow-up monitoring recommended.,4
MH-0601,A-072,WO-00434,2025-12-31,CORRECTIVE,11.1,1496.52,Completed as planned.,4
MH-0602,A-118,WO-00071,2025-10-25,INSPECTION,1.2,6053.99,Follow-up monitoring recommended.,5
MH-0603,A-127,WO-01014,2026-03-07,PREVENTIVE,17.1,842.76,Component adjusted and function checked.,4
MH-0604,A-057,WO-00831,2026-05-05,INSPECTION,10.2,1179.11,Follow-up monitoring recommended.,5
MH-0605,A-093,WO-01008,2025-10-07,CALIBRATION,15.3,3828.37,Completed as planned.,3
MH-0606,A-002,WO-01246,2026-06-15,CORRECTIVE,15.3,1202.12,Component adjusted and function checked.,5
MH-0607,A-086,WO-00863,2026-05-29,CALIBRATION,0.8,3303.59,Completed as planned.,5
MH-0608,A-116,WO-01127,2026-04-30,CORRECTIVE,3.8,3547.85,Documentation updated after review.,3
MH-0609,A-020,WO-01346,2025-10-05,PREVENTIVE,0.7,6171.01,Documentation updated after review.,3
MH-0610,A-065,WO-00401,2026-05-18,PREVENTIVE,2.9,7409.09,Documentation updated after review.,3
MH-0611,A-070,WO-00593,2025-10-23,CORRECTIVE,13.5,3094.82,Follow-up monitoring recommended.,4
MH-0612,A-072,WO-00091,2026-05-20,INSPECTION,15.9,8636.67,Completed as planned.,4
MH-0613,A-073,WO-00051,2026-08-18,CORRECTIVE,2.9,478.87,Documentation updated after review.,3
MH-0614,A-010,WO-01058,2025-10-18,INSPECTION,15.9,6202.13,Follow-up monitoring recommended.,4
MH-0615,A-086,WO-00883,2026-01-07,CORRECTIVE,0.5,2128.22,Documentation updated after review.,3
MH-0616,A-016,WO-00226,2025-12-28,INSPECTION,1.9,2783.98,Documentation updated after review.,3
MH-0617,A-066,WO-00528,2025-11-14,PREVENTIVE,11.2,2704.13,Completed as planned.,4
MH-0618,A-122,WO-01411,2026-03-23,CALIBRATION,11.5,6616.7,Component adjusted and function checked.,5
MH-0619,A-084,WO-01028,2026-02-22,INSPECTION,15.9,3881.26,Completed as planned.,4
MH-0620,A-031,WO-01065,2026-04-16,CORRECTIVE,13.1,2750.52,Documentation updated after review.,4
MH-0621,A-044,WO-00838,2026-08-31,CORRECTIVE,2.3,7834.9,Follow-up monitoring recommended.,5
MH-0622,A-080,WO-01123,2026-05-28,CALIBRATION,5.0,2125.15,Completed as planned.,5
MH-0623,A-016,WO-00601,2026-03-09,CALIBRATION,13.3,4430.67,Completed as planned.,3
MH-0624,A-079,WO-00780,2025-10-06,CALIBRATION,7.3,3660.33,Follow-up monitoring recommended.,3
MH-0625,A-119,WO-01006,2026-01-14,INSPECTION,6.0,2040.64,Completed as planned.,3
MH-0626,A-041,WO-00162,2026-04-18,INSPECTION,17.6,5595.88,Completed as planned.,4
MH-0627,A-001,WO-00215,2026-02-01,CALIBRATION,11.1,8331.12,Completed as planned.,3
MH-0628,A-117,WO-01174,2026-01-17,CALIBRATION,4.9,2812.77,Completed as planned.,3
MH-0629,A-007,WO-00653,2026-03-26,INSPECTION,17.5,2167.67,Component adjusted and function checked.,3
MH-0630,A-019,WO-01414,2026-02-18,CORRECTIVE,6.8,1442.48,Completed as planned.,5
MH-0631,A-073,WO-00289,2026-05-26,CORRECTIVE,11.3,4737.44,Completed as planned.,4
MH-0632,A-025,WO-00711,2026-05-08,INSPECTION,0.5,5740.74,Component adjusted and function checked.,3
MH-0633,A-067,WO-00363,2026-05-27,PREVENTIVE,9.4,5772.31,Completed as planned.,4
MH-0634,A-037,WO-00478,2026-01-19,CORRECTIVE,8.2,3233.78,Follow-up monitoring recommended.,3
MH-0635,A-086,WO-00863,2026-05-29,CALIBRATION,4.8,1301.22,Component adjusted and function checked.,5
MH-0636,A-003,WO-01081,2025-10-19,INSPECTION,2.4,7497.89,Completed as planned.,5
MH-0637,A-053,WO-00565,2026-07-02,PREVENTIVE,10.5,7713.21,Component adjusted and function checked.,3
MH-0638,A-037,WO-01067,2025-10-18,CORRECTIVE,15.2,4953.77,Documentation updated after review.,5
MH-0639,A-065,WO-00742,2026-03-02,CALIBRATION,7.9,4226.73,Documentation updated after review.,5
MH-0640,A-073,WO-00314,2025-11-24,INSPECTION,4.1,2694.42,Component adjusted and function checked.,5
MH-0641,A-032,WO-00764,2026-04-07,INSPECTION,16.0,7074.55,Component adjusted and function checked.,3
MH-0642,A-055,WO-01240,2026-01-25,PREVENTIVE,10.5,3806.64,Follow-up monitoring recommended.,3
MH-0643,A-027,WO-00548,2026-01-13,INSPECTION,15.1,6296.49,Documentation updated after review.,4
MH-0644,A-009,WO-01489,2026-01-11,PREVENTIVE,10.0,3088.74,Completed as planned.,5
MH-0645,A-071,WO-01142,2026-08-02,CORRECTIVE,4.3,3390.22,Completed as planned.,3
MH-0646,A-110,WO-01258,2026-08-31,INSPECTION,13.2,2832.07,Documentation updated after review.,3
MH-0647,A-077,WO-00520,2026-01-26,INSPECTION,7.4,8947.06,Component adjusted and function checked.,5
MH-0648,A-057,WO-00419,2025-12-25,INSPECTION,16.8,2507.09,Completed as planned.,5
MH-0649,A-092,WO-01427,2025-12-22,INSPECTION,6.8,6566.34,Completed as planned.,5
MH-0650,A-033,WO-00532,2025-11-17,PREVENTIVE,10.4,8611.81,Component adjusted and function checked.,3
MH-0651,A-111,WO-00181,2026-06-19,CALIBRATION,2.6,1265.93,Follow-up monitoring recommended.,5
MH-0652,A-062,WO-01493,2026-09-12,PREVENTIVE,1.6,6191.21,Completed as planned.,5
MH-0653,A-063,WO-00385,2026-04-21,CORRECTIVE,4.0,761.59,Component adjusted and function checked.,5
MH-0654,A-080,WO-00252,2025-12-10,PREVENTIVE,14.6,5553.83,Documentation updated after review.,4
MH-0655,A-048,WO-01166,2026-02-17,CORRECTIVE,11.9,8066.27,Component adjusted and function checked.,3
MH-0656,A-013,WO-00219,2025-12-07,CALIBRATION,6.9,5604.98,Completed as planned.,3
MH-0657,A-042,WO-01270,2026-09-04,CORRECTIVE,5.9,8832.23,Completed as planned.,4
MH-0658,A-087,WO-01218,2026-01-02,INSPECTION,13.4,2106.53,Follow-up monitoring recommended.,5
MH-0659,A-018,WO-01305,2025-12-17,INSPECTION,4.4,8542.51,Completed as planned.,4
MH-0660,A-121,WO-01371,2026-04-01,PREVENTIVE,2.3,1704.19,Documentation updated after review.,5
MH-0661,A-061,WO-00312,2026-03-26,INSPECTION,6.1,8494.13,Component adjusted and function checked.,5
MH-0662,A-034,WO-01325,2026-04-10,INSPECTION,11.3,3281.01,Completed as planned.,4
MH-0663,A-067,WO-00672,2026-08-28,CORRECTIVE,1.1,6726.02,Follow-up monitoring recommended.,4
MH-0664,A-107,WO-00972,2026-05-15,CALIBRATION,16.4,7376.78,Documentation updated after review.,4
MH-0665,A-055,WO-00317,2026-03-19,CALIBRATION,13.7,4911.5,Documentation updated after review.,3
MH-0666,A-092,WO-00482,2025-09-06,CALIBRATION,6.9,4878.81,Documentation updated after review.,4
MH-0667,A-022,WO-00439,2026-08-07,PREVENTIVE,11.2,716.52,Completed as planned.,3
MH-0668,A-053,WO-00144,2025-11-12,CALIBRATION,11.0,5500.52,Documentation updated after review.,3
MH-0669,A-033,WO-01167,2025-09-20,CALIBRATION,5.1,5553.15,Completed as planned.,5
MH-0670,A-116,WO-00545,2025-09-09,PREVENTIVE,6.1,3932.81,Follow-up monitoring recommended.,4
MH-0671,A-117,WO-01130,2026-04-17,INSPECTION,16.7,3842.91,Component adjusted and function checked.,5
MH-0672,A-039,WO-01398,2025-11-28,INSPECTION,3.2,8280.87,Component adjusted and function checked.,5
MH-0673,A-125,WO-01257,2026-07-06,INSPECTION,4.4,2936.49,Documentation updated after review.,3
MH-0674,A-059,WO-00427,2025-10-13,PREVENTIVE,14.3,7291.77,Documentation updated after review.,3
MH-0675,A-042,WO-00432,2025-10-05,CALIBRATION,12.7,8023.74,Completed as planned.,3
MH-0676,A-116,WO-00545,2025-09-09,PREVENTIVE,5.7,7805.81,Documentation updated after review.,3
MH-0677,A-104,WO-00649,2025-12-14,INSPECTION,4.5,818.55,Completed as planned.,4
MH-0678,A-027,WO-00167,2025-12-10,CORRECTIVE,9.3,2219.82,Follow-up monitoring recommended.,4
MH-0679,A-124,WO-01299,2025-12-20,CORRECTIVE,10.9,4990.26,Documentation updated after review.,5
MH-0680,A-045,WO-00864,2026-07-12,CALIBRATION,12.2,5546.34,Follow-up monitoring recommended.,3
MH-0681,A-014,WO-01332,2026-04-08,INSPECTION,3.7,2921.09,Completed as planned.,5
MH-0682,A-016,WO-00601,2026-03-09,CALIBRATION,8.5,369.85,Completed as planned.,5
MH-0683,A-060,WO-01361,2026-02-26,CALIBRATION,6.8,3168.7,Completed as planned.,5
MH-0684,A-085,WO-00371,2026-01-21,PREVENTIVE,1.4,4348.36,Completed as planned.,4
MH-0685,A-029,WO-00638,2026-03-15,PREVENTIVE,3.5,4216.29,Follow-up monitoring recommended.,4
MH-0686,A-053,WO-00192,2026-01-20,PREVENTIVE,5.3,7147.12,Completed as planned.,5
MH-0687,A-112,WO-00626,2026-04-30,INSPECTION,14.6,7380.53,Follow-up monitoring recommended.,5
MH-0688,A-090,WO-00498,2026-04-27,PREVENTIVE,14.4,4991.85,Follow-up monitoring recommended.,4
MH-0689,A-121,WO-00875,2026-08-08,INSPECTION,13.6,8123.58,Completed as planned.,4
MH-0690,A-087,WO-01194,2026-03-07,PREVENTIVE,14.5,4758.62,Completed as planned.,5
MH-0691,A-037,WO-01234,2026-03-30,CALIBRATION,16.4,6615.34,Follow-up monitoring recommended.,4
MH-0692,A-017,WO-00717,2025-11-24,PREVENTIVE,14.3,2604.36,Follow-up monitoring recommended.,5
MH-0693,A-007,WO-01356,2026-03-15,PREVENTIVE,8.1,7856.85,Documentation updated after review.,4
MH-0694,A-045,WO-00254,2026-05-02,CORRECTIVE,4.2,8960.32,Completed as planned.,3
MH-0695,A-123,WO-00276,2026-04-26,CALIBRATION,8.5,6783.0,Documentation updated after review.,4
MH-0696,A-128,WO-00468,2026-09-07,CALIBRATION,12.8,7994.15,Completed as planned.,4
MH-0697,A-102,WO-00683,2026-01-31,CORRECTIVE,17.7,8983.96,Completed as planned.,5
MH-0698,A-100,WO-01329,2026-06-27,CORRECTIVE,6.3,848.7,Documentation updated after review.,3
MH-0699,A-026,WO-01345,2025-09-26,CORRECTIVE,15.5,7193.8,Component adjusted and function checked.,4
MH-0700,A-098,WO-01140,2025-12-25,PREVENTIVE,9.6,5846.08,Documentation updated after review.,5
MH-0701,A-041,WO-01302,2026-06-26,CALIBRATION,13.0,3647.81,Follow-up monitoring recommended.,5
MH-0702,A-081,WO-00258,2026-08-15,PREVENTIVE,3.4,5181.13,Documentation updated after review.,4
MH-0703,A-105,WO-00114,2025-11-16,CORRECTIVE,9.5,5726.07,Documentation updated after review.,4
MH-0704,A-068,WO-00412,2026-07-24,CORRECTIVE,5.0,1913.96,Documentation updated after review.,5
MH-0705,A-121,WO-00112,2025-11-21,INSPECTION,14.9,1475.36,Documentation updated after review.,4
MH-0706,A-043,WO-01109,2026-06-07,INSPECTION,2.9,4244.65,Follow-up monitoring recommended.,5
MH-0707,A-067,WO-00423,2026-08-07,CORRECTIVE,11.1,3165.61,Completed as planned.,3
MH-0708,A-001,WO-00335,2026-04-12,CALIBRATION,17.7,458.63,Documentation updated after review.,3
MH-0709,A-018,WO-00921,2026-07-11,INSPECTION,1.9,787.77,Documentation updated after review.,3
MH-0710,A-062,WO-01064,2026-04-15,CALIBRATION,3.3,1122.1,Follow-up monitoring recommended.,5
MH-0711,A-042,WO-00748,2026-08-15,CALIBRATION,13.9,1124.98,Follow-up monitoring recommended.,3
MH-0712,A-006,WO-00187,2026-01-30,INSPECTION,15.5,7352.78,Follow-up monitoring recommended.,4
MH-0713,A-006,WO-01260,2026-05-17,CALIBRATION,10.4,8338.58,Component adjusted and function checked.,4
MH-0714,A-105,WO-00750,2025-12-13,INSPECTION,1.7,2642.12,Component adjusted and function checked.,3
MH-0715,A-066,WO-00528,2025-11-14,PREVENTIVE,7.5,5712.91,Component adjusted and function checked.,4
MH-0716,A-091,WO-01247,2025-11-11,PREVENTIVE,11.3,4245.52,Follow-up monitoring recommended.,5
MH-0717,A-085,WO-00371,2026-01-21,PREVENTIVE,15.2,5778.76,Documentation updated after review.,5
MH-0718,A-039,WO-00279,2025-09-17,CORRECTIVE,4.4,2396.43,Documentation updated after review.,4
MH-0719,A-111,WO-01017,2026-06-10,CALIBRATION,3.0,3827.94,Documentation updated after review.,5
MH-0720,A-026,WO-01388,2025-11-16,CORRECTIVE,2.5,2541.51,Documentation updated after review.,5
MH-0721,A-064,WO-00556,2026-06-13,INSPECTION,6.5,7399.59,Component adjusted and function checked.,5
MH-0722,A-037,WO-01234,2026-03-30,CALIBRATION,9.8,7011.92,Completed as planned.,3
MH-0723,A-045,WO-01295,2025-10-14,CORRECTIVE,5.0,4912.05,Documentation updated after review.,5
MH-0724,A-015,WO-00887,2025-12-20,CALIBRATION,14.5,8616.77,Follow-up monitoring recommended.,4
MH-0725,A-039,WO-00416,2026-02-27,CORRECTIVE,14.0,6335.07,Completed as planned.,4
MH-0726,A-055,WO-00313,2025-10-28,CALIBRATION,7.5,4996.91,Completed as planned.,5
MH-0727,A-072,WO-00909,2025-09-09,CORRECTIVE,3.5,7308.17,Completed as planned.,3
MH-0728,A-027,WO-01143,2026-07-17,CORRECTIVE,15.3,3443.61,Completed as planned.,3
MH-0729,A-090,WO-00331,2026-01-27,PREVENTIVE,13.4,8704.42,Completed as planned.,4
MH-0730,A-065,WO-01378,2026-05-25,INSPECTION,14.5,6478.88,Component adjusted and function checked.,4
MH-0731,A-117,WO-00707,2026-07-18,INSPECTION,0.6,3458.38,Completed as planned.,4
MH-0732,A-004,WO-00685,2025-10-06,PREVENTIVE,14.3,6174.77,Documentation updated after review.,5
MH-0733,A-021,WO-00822,2026-06-13,CALIBRATION,8.5,563.55,Completed as planned.,4
MH-0734,A-084,WO-01211,2025-12-06,CALIBRATION,16.2,501.14,Documentation updated after review.,5
MH-0735,A-108,WO-01426,2026-08-20,CORRECTIVE,2.4,6730.74,Follow-up monitoring recommended.,4
MH-0736,A-069,WO-00540,2026-02-16,CALIBRATION,11.7,1531.6,Completed as planned.,3
MH-0737,A-010,WO-01484,2026-07-29,CORRECTIVE,1.4,8858.91,Documentation updated after review.,3
MH-0738,A-042,WO-00432,2025-10-05,CALIBRATION,9.2,4510.54,Documentation updated after review.,4
MH-0739,A-105,WO-00114,2025-11-16,CORRECTIVE,1.1,6981.08,Component adjusted and function checked.,4
MH-0740,A-011,WO-00976,2025-12-01,PREVENTIVE,15.8,6771.44,Documentation updated after review.,5
MH-0741,A-079,WO-01124,2026-03-19,PREVENTIVE,14.0,6197.19,Documentation updated after review.,4
MH-0742,A-094,WO-00318,2026-06-10,PREVENTIVE,5.2,5350.57,Documentation updated after review.,5
MH-0743,A-073,WO-00051,2026-08-18,CORRECTIVE,17.6,2342.91,Completed as planned.,3
MH-0744,A-016,WO-00915,2026-02-24,INSPECTION,16.4,7372.67,Component adjusted and function checked.,5
MH-0745,A-073,WO-01326,2026-07-13,PREVENTIVE,6.2,6572.94,Follow-up monitoring recommended.,3
MH-0746,A-116,WO-01327,2025-09-22,CORRECTIVE,13.9,297.55,Documentation updated after review.,3
MH-0747,A-113,WO-00119,2025-12-28,CORRECTIVE,8.4,485.03,Documentation updated after review.,4
MH-0748,A-110,WO-00283,2026-05-29,INSPECTION,9.9,2453.06,Documentation updated after review.,5
MH-0749,A-076,WO-01248,2026-04-03,CALIBRATION,7.1,2693.11,Follow-up monitoring recommended.,4
MH-0750,A-056,WO-01381,2026-02-21,INSPECTION,5.8,6995.37,Completed as planned.,4
MH-0751,A-071,WO-00411,2026-05-05,PREVENTIVE,2.2,6049.86,Completed as planned.,5
MH-0752,A-061,WO-00093,2026-05-10,CALIBRATION,6.5,2492.32,Follow-up monitoring recommended.,3
MH-0753,A-117,WO-00707,2026-07-18,INSPECTION,4.7,2162.22,Component adjusted and function checked.,5
MH-0754,A-059,WO-00814,2026-08-16,CALIBRATION,10.4,3217.44,Documentation updated after review.,4
MH-0755,A-056,WO-00388,2026-01-08,CORRECTIVE,3.6,8922.63,Completed as planned.,5
MH-0756,A-094,WO-01023,2026-07-23,PREVENTIVE,14.9,6712.52,Follow-up monitoring recommended.,4
MH-0757,A-014,WO-01429,2026-08-13,CORRECTIVE,15.8,7561.39,Component adjusted and function checked.,3
MH-0758,A-020,WO-01346,2025-10-05,PREVENTIVE,17.9,3163.38,Follow-up monitoring recommended.,3
MH-0759,A-062,WO-00047,2026-06-17,CALIBRATION,14.0,5345.61,Completed as planned.,5
MH-0760,A-023,WO-01173,2025-11-12,CORRECTIVE,7.4,1105.47,Completed as planned.,3
MH-0761,A-094,WO-01054,2026-07-06,PREVENTIVE,9.3,1641.22,Completed as planned.,5
MH-0762,A-067,WO-00255,2026-03-20,CALIBRATION,4.6,8271.26,Documentation updated after review.,4
MH-0763,A-047,WO-00499,2026-10-03,CORRECTIVE,2.5,6017.34,Completed as planned.,3
MH-0764,A-085,WO-00371,2026-01-21,PREVENTIVE,5.7,4111.99,Completed as planned.,5
MH-0765,A-072,WO-00434,2025-12-31,CORRECTIVE,13.8,735.68,Completed as planned.,3
MH-0766,A-005,WO-00609,2025-10-16,PREVENTIVE,15.4,3317.71,Completed as planned.,4
MH-0767,A-101,WO-00571,2025-11-21,CORRECTIVE,12.5,7866.45,Follow-up monitoring recommended.,4
MH-0768,A-021,WO-00918,2025-12-23,CORRECTIVE,3.7,2243.93,Documentation updated after review.,5
MH-0769,A-030,WO-01055,2026-05-11,PREVENTIVE,8.8,1571.35,Completed as planned.,3
MH-0770,A-122,WO-00281,2026-07-30,CORRECTIVE,9.1,7213.14,Documentation updated after review.,5
MH-0771,A-097,WO-00844,2026-04-20,CALIBRATION,7.8,639.47,Completed as planned.,4
MH-0772,A-061,WO-00815,2025-12-26,CALIBRATION,1.5,1447.39,Component adjusted and function checked.,4
MH-0773,A-026,WO-01345,2025-09-26,CORRECTIVE,4.4,8927.4,Completed as planned.,4
MH-0774,A-069,WO-01232,2026-02-14,CALIBRATION,14.9,882.79,Component adjusted and function checked.,5
MH-0775,A-050,WO-01018,2026-03-16,CORRECTIVE,1.2,549.44,Completed as planned.,4
MH-0776,A-042,WO-00748,2026-08-15,CALIBRATION,17.9,7343.11,Completed as planned.,3
MH-0777,A-081,WO-00971,2026-02-13,PREVENTIVE,2.4,2791.43,Component adjusted and function checked.,3
MH-0778,A-122,WO-00370,2026-05-23,CALIBRATION,7.2,1560.26,Component adjusted and function checked.,4
MH-0779,A-121,WO-00480,2025-11-11,INSPECTION,7.1,6853.78,Component adjusted and function checked.,5
MH-0780,A-100,WO-01329,2026-06-27,CORRECTIVE,16.5,5777.34,Component adjusted and function checked.,3
MH-0781,A-016,WO-00915,2026-02-24,INSPECTION,12.8,6699.79,Documentation updated after review.,3
MH-0782,A-064,WO-00519,2025-09-28,CORRECTIVE,15.4,2183.41,Component adjusted and function checked.,3
MH-0783,A-094,WO-00377,2026-08-23,CALIBRATION,8.5,4492.55,Follow-up monitoring recommended.,3
MH-0784,A-117,WO-00055,2026-08-14,CORRECTIVE,11.4,1322.25,Completed as planned.,5
MH-0785,A-006,WO-00187,2026-01-30,INSPECTION,13.9,4934.34,Completed as planned.,5
MH-0786,A-004,WO-00685,2025-10-06,PREVENTIVE,13.5,4975.24,Completed as planned.,3
MH-0787,A-034,WO-00446,2026-01-17,CORRECTIVE,14.3,8715.95,Documentation updated after review.,3
MH-0788,A-027,WO-00658,2026-04-12,CORRECTIVE,17.5,6154.12,Component adjusted and function checked.,4
MH-0789,A-005,WO-01129,2026-09-01,INSPECTION,3.0,7449.78,Completed as planned.,5
MH-0790,A-011,WO-00367,2026-04-14,PREVENTIVE,5.4,2226.22,Completed as planned.,4
MH-0791,A-020,WO-01311,2026-06-08,CALIBRATION,10.3,3277.57,Component adjusted and function checked.,5
MH-0792,A-015,WO-00425,2026-03-28,PREVENTIVE,12.5,2368.78,Component adjusted and function checked.,4
MH-0793,A-027,WO-00658,2026-04-12,CORRECTIVE,16.8,6163.73,Completed as planned.,5
MH-0794,A-071,WO-01142,2026-08-02,CORRECTIVE,11.5,5195.4,Documentation updated after review.,4
MH-0795,A-079,WO-00265,2025-11-09,PREVENTIVE,12.9,7909.85,Component adjusted and function checked.,5
MH-0796,A-040,WO-00039,2026-08-24,CORRECTIVE,1.5,2186.64,Component adjusted and function checked.,5
MH-0797,A-018,WO-00078,2026-07-05,CORRECTIVE,9.5,5064.85,Component adjusted and function checked.,4
MH-0798,A-102,WO-01284,2026-03-30,INSPECTION,1.7,2573.47,Documentation updated after review.,3
MH-0799,A-037,WO-00478,2026-01-19,CORRECTIVE,5.6,5634.62,Completed as planned.,4
MH-0800,A-016,WO-00915,2026-02-24,INSPECTION,14.4,3989.12,Follow-up monitoring recommended.,5
MH-0801,A-026,WO-00716,2026-08-24,CALIBRATION,5.9,8097.27,Completed as planned.,4
MH-0802,A-008,WO-00907,2025-11-21,CORRECTIVE,6.0,603.64,Component adjusted and function checked.,3
MH-0803,A-027,WO-00548,2026-01-13,INSPECTION,9.5,8696.47,Documentation updated after review.,3
MH-0804,A-087,WO-01004,2026-04-10,PREVENTIVE,4.5,2119.61,Follow-up monitoring recommended.,4
MH-0805,A-046,WO-00980,2026-05-28,CORRECTIVE,15.5,2038.78,Completed as planned.,5
MH-0806,A-012,WO-00473,2026-02-17,PREVENTIVE,15.9,8162.31,Completed as planned.,3
MH-0807,A-017,WO-00530,2025-11-20,PREVENTIVE,10.1,5131.0,Component adjusted and function checked.,5
MH-0808,A-021,WO-01151,2025-11-08,INSPECTION,0.6,281.72,Component adjusted and function checked.,4
MH-0809,A-121,WO-00112,2025-11-21,INSPECTION,17.6,7146.81,Follow-up monitoring recommended.,4
MH-0810,A-061,WO-01451,2026-05-28,PREVENTIVE,11.7,7365.51,Follow-up monitoring recommended.,3
MH-0811,A-053,WO-00192,2026-01-20,PREVENTIVE,13.6,7158.02,Component adjusted and function checked.,5
MH-0812,A-001,WO-00335,2026-04-12,CALIBRATION,5.2,5780.77,Completed as planned.,5
MH-0813,A-090,WO-00652,2026-04-27,INSPECTION,0.6,8717.15,Documentation updated after review.,5
MH-0814,A-084,WO-01028,2026-02-22,INSPECTION,10.7,5455.46,Follow-up monitoring recommended.,4
MH-0815,A-121,WO-00480,2025-11-11,INSPECTION,8.4,2900.74,Documentation updated after review.,5
MH-0816,A-030,WO-01073,2025-12-06,INSPECTION,8.5,1737.63,Documentation updated after review.,4
MH-0817,A-020,WO-00828,2025-11-17,INSPECTION,1.5,5533.51,Documentation updated after review.,5
MH-0818,A-077,WO-00407,2026-07-11,CORRECTIVE,1.3,7543.43,Follow-up monitoring recommended.,4
MH-0819,A-011,WO-00367,2026-04-14,PREVENTIVE,7.1,1855.34,Completed as planned.,4
MH-0820,A-045,WO-00488,2025-11-10,PREVENTIVE,11.2,4732.99,Follow-up monitoring recommended.,5
MH-0821,A-095,WO-00578,2026-04-08,PREVENTIVE,16.1,2725.75,Documentation updated after review.,4
MH-0822,A-048,WO-00807,2026-05-09,PREVENTIVE,16.3,4052.92,Documentation updated after review.,4
MH-0823,A-027,WO-01262,2026-03-30,CALIBRATION,8.9,7874.79,Documentation updated after review.,5
MH-0824,A-087,WO-01068,2026-02-01,CALIBRATION,9.0,5168.02,Follow-up monitoring recommended.,3
MH-0825,A-020,WO-00184,2026-04-18,PREVENTIVE,10.8,3554.52,Follow-up monitoring recommended.,4
MH-0826,A-126,WO-00282,2026-06-07,PREVENTIVE,2.9,8210.55,Completed as planned.,3
MH-0827,A-072,WO-00434,2025-12-31,CORRECTIVE,10.2,1406.0,Completed as planned.,4
MH-0828,A-028,WO-00575,2026-05-10,CALIBRATION,1.4,6786.64,Completed as planned.,3
MH-0829,A-063,WO-00882,2025-12-03,PREVENTIVE,2.8,1593.53,Documentation updated after review.,3
MH-0830,A-090,WO-01202,2026-08-25,INSPECTION,4.3,6085.97,Documentation updated after review.,3
MH-0831,A-121,WO-01027,2025-10-21,INSPECTION,16.0,3165.53,Component adjusted and function checked.,4
MH-0832,A-071,WO-01280,2025-10-24,CORRECTIVE,2.2,5812.46,Completed as planned.,4
MH-0833,A-114,WO-01310,2025-12-11,PREVENTIVE,10.0,2729.02,Component adjusted and function checked.,5
MH-0834,A-119,WO-01483,2026-01-24,PREVENTIVE,5.7,2814.0,Follow-up monitoring recommended.,5
MH-0835,A-029,WO-00362,2026-04-07,CORRECTIVE,14.3,3032.15,Documentation updated after review.,4
MH-0836,A-027,WO-00658,2026-04-12,CORRECTIVE,16.1,1972.68,Documentation updated after review.,3
MH-0837,A-044,WO-01370,2026-03-14,PREVENTIVE,17.1,6498.72,Follow-up monitoring recommended.,4
MH-0838,A-082,WO-01146,2025-10-25,INSPECTION,15.3,6459.35,Documentation updated after review.,3
MH-0839,A-040,WO-00684,2026-06-16,PREVENTIVE,7.9,5350.99,Follow-up monitoring recommended.,4
MH-0840,A-095,WO-00578,2026-04-08,PREVENTIVE,7.5,7703.04,Component adjusted and function checked.,4
MH-0841,A-065,WO-01486,2025-10-13,INSPECTION,7.1,1162.51,Component adjusted and function checked.,3
MH-0842,A-016,WO-00229,2026-05-12,CALIBRATION,8.3,5164.12,Component adjusted and function checked.,4
MH-0843,A-126,WO-00885,2026-05-06,PREVENTIVE,14.9,3281.21,Completed as planned.,5
MH-0844,A-062,WO-01493,2026-09-12,PREVENTIVE,16.6,4490.58,Documentation updated after review.,4
MH-0845,A-126,WO-00227,2025-11-21,INSPECTION,1.4,7226.63,Follow-up monitoring recommended.,5
MH-0846,A-026,WO-01345,2025-09-26,CORRECTIVE,0.6,1527.64,Component adjusted and function checked.,3
MH-0847,A-043,WO-00099,2025-11-14,PREVENTIVE,3.7,8336.7,Follow-up monitoring recommended.,4
MH-0848,A-109,WO-00222,2026-05-08,CALIBRATION,5.0,4408.99,Follow-up monitoring recommended.,4
MH-0849,A-062,WO-01493,2026-09-12,PREVENTIVE,12.6,3434.87,Completed as planned.,3
MH-0850,A-100,WO-00316,2025-12-04,CALIBRATION,6.2,6723.26,Completed as planned.,3
MH-0851,A-099,WO-01157,2026-05-16,PREVENTIVE,11.3,2547.98,Completed as planned.,5
MH-0852,A-044,WO-01370,2026-03-14,PREVENTIVE,15.3,1986.2,Component adjusted and function checked.,3
MH-0853,A-101,WO-00366,2026-04-04,CALIBRATION,10.2,2840.68,Follow-up monitoring recommended.,5
MH-0854,A-107,WO-01126,2026-06-20,CALIBRATION,6.5,2268.58,Follow-up monitoring recommended.,3
MH-0855,A-001,WO-01369,2026-08-28,INSPECTION,8.2,4903.12,Follow-up monitoring recommended.,5
MH-0856,A-044,WO-01181,2026-05-10,CORRECTIVE,7.8,3044.46,Follow-up monitoring recommended.,3
MH-0857,A-027,WO-01262,2026-03-30,CALIBRATION,3.1,8310.07,Documentation updated after review.,3
MH-0858,A-126,WO-00885,2026-05-06,PREVENTIVE,9.2,5432.62,Documentation updated after review.,3
MH-0859,A-007,WO-01471,2026-07-19,CALIBRATION,0.9,1955.44,Completed as planned.,3
MH-0860,A-100,WO-01329,2026-06-27,CORRECTIVE,4.2,691.8,Documentation updated after review.,5
MH-0861,A-043,WO-00632,2026-08-23,INSPECTION,14.3,5455.39,Completed as planned.,5
MH-0862,A-115,WO-00874,2025-10-25,CALIBRATION,16.4,4555.07,Follow-up monitoring recommended.,4
MH-0863,A-001,WO-00898,2026-03-09,CALIBRATION,6.3,1750.18,Component adjusted and function checked.,3
MH-0864,A-115,WO-00834,2026-01-12,INSPECTION,1.9,6919.42,Follow-up monitoring recommended.,3
MH-0865,A-077,WO-00407,2026-07-11,CORRECTIVE,10.4,2178.67,Documentation updated after review.,5
MH-0866,A-045,WO-01237,2026-08-28,CORRECTIVE,10.4,4436.44,Follow-up monitoring recommended.,4
MH-0867,A-082,WO-01146,2025-10-25,INSPECTION,14.7,4723.18,Completed as planned.,4
MH-0868,A-122,WO-01411,2026-03-23,CALIBRATION,15.7,715.2,Component adjusted and function checked.,5
MH-0869,A-049,WO-01097,2026-07-08,PREVENTIVE,13.2,6169.34,Completed as planned.,3
MH-0870,A-108,WO-00305,2026-03-06,PREVENTIVE,10.5,1795.18,Documentation updated after review.,4
MH-0871,A-069,WO-00450,2026-05-24,CALIBRATION,7.4,3888.6,Documentation updated after review.,4
MH-0872,A-013,WO-01343,2026-04-28,CALIBRATION,6.3,6451.34,Documentation updated after review.,4
MH-0873,A-051,WO-00752,2026-06-01,PREVENTIVE,1.6,669.26,Follow-up monitoring recommended.,5
MH-0874,A-037,WO-01067,2025-10-18,CORRECTIVE,4.5,3799.89,Component adjusted and function checked.,5
MH-0875,A-007,WO-00653,2026-03-26,INSPECTION,7.4,1615.37,Component adjusted and function checked.,5
MH-0876,A-045,WO-01295,2025-10-14,CORRECTIVE,2.0,8431.75,Completed as planned.,4
MH-0877,A-051,WO-00752,2026-06-01,PREVENTIVE,15.4,6335.35,Follow-up monitoring recommended.,5
MH-0878,A-008,WO-01481,2025-12-25,INSPECTION,12.5,3189.24,Completed as planned.,3
MH-0879,A-061,WO-00815,2025-12-26,CALIBRATION,8.2,4925.05,Documentation updated after review.,4
MH-0880,A-070,WO-00593,2025-10-23,CORRECTIVE,8.5,4454.01,Completed as planned.,4
MH-0881,A-046,WO-01249,2026-07-14,INSPECTION,3.2,5929.58,Follow-up monitoring recommended.,5
MH-0882,A-077,WO-01428,2026-03-18,CALIBRATION,12.0,2434.6,Completed as planned.,3
MH-0883,A-015,WO-00442,2026-07-08,PREVENTIVE,8.5,5510.09,Completed as planned.,4
MH-0884,A-033,WO-00833,2025-10-11,PREVENTIVE,13.2,2828.75,Component adjusted and function checked.,3
MH-0885,A-078,WO-00681,2025-11-06,CALIBRATION,4.7,6345.69,Completed as planned.,5
MH-0886,A-057,WO-00831,2026-05-05,INSPECTION,14.2,5082.12,Completed as planned.,5
MH-0887,A-107,WO-00778,2025-12-06,INSPECTION,7.7,5615.63,Completed as planned.,5
MH-0888,A-068,WO-00356,2026-02-23,PREVENTIVE,11.9,3117.03,Follow-up monitoring recommended.,5
MH-0889,A-046,WO-00892,2025-11-30,CORRECTIVE,14.7,4925.51,Component adjusted and function checked.,5
MH-0890,A-105,WO-00650,2026-08-09,INSPECTION,4.2,589.53,Completed as planned.,4
MH-0891,A-081,WO-01263,2025-10-28,CORRECTIVE,12.3,2805.97,Documentation updated after review.,3
MH-0892,A-032,WO-00049,2025-09-25,CALIBRATION,3.4,6160.12,Documentation updated after review.,3
MH-0893,A-065,WO-00449,2026-06-04,PREVENTIVE,1.2,5994.82,Documentation updated after review.,3
MH-0894,A-054,WO-00396,2026-04-06,PREVENTIVE,12.0,8392.26,Documentation updated after review.,5
MH-0895,A-120,WO-00870,2026-08-13,CORRECTIVE,5.3,556.73,Component adjusted and function checked.,5
MH-0896,A-066,WO-01457,2026-02-25,PREVENTIVE,11.6,810.29,Completed as planned.,4
MH-0897,A-016,WO-00229,2026-05-12,CALIBRATION,1.2,5336.69,Component adjusted and function checked.,3
MH-0898,A-012,WO-00473,2026-02-17,PREVENTIVE,5.0,2391.06,Follow-up monitoring recommended.,3
MH-0899,A-061,WO-00320,2026-02-27,CORRECTIVE,8.3,7923.09,Documentation updated after review.,5
MH-0900,A-113,WO-00868,2026-01-24,PREVENTIVE,5.7,7740.06,Component adjusted and function checked.,4
