asset_id,Asset_Criticality,Security_Risk_Level,Last_Security_Review_Date,Open_Security_Issues,Access_Risk_Flag,Patch_Status,Network_Exposure,Security_Incident_Last_90_Days
A-001,Critical,High,2026-01-23,3,Yes,Overdue,Restricted,Yes
A-002,Critical,Medium,2026-07-29,1,Yes,Pending,Internal,No
A-003,Medium,Low,2025-12-01,0,No,Current,Internal,No
A-004,Low,Low,2026-03-18,0,No,Current,Internal,No
A-005,Low,High,2025-12-08,1,No,Pending,Restricted,Yes
A-006,Critical,Low,2026-05-21,0,Yes,Current,Internal,No
A-007,Medium,High,2026-02-09,1,Yes,Pending,Restricted,No
A-008,High,High,2026-06-09,2,Yes,Overdue,Internal,No
A-009,Low,High,2025-06-28,1,Yes,Pending,Restricted,No
A-010,Critical,High,2026-06-07,3,Yes,Overdue,Restricted,No
A-011,Medium,Medium,2026-05-13,1,No,Overdue,Internal,No
A-012,High,High,2026-07-27,1,Yes,Overdue,External,No
A-013,Low,Medium,2025-09-25,1,No,Pending,Internal,No
A-014,Medium,Medium,2026-02-19,0,Yes,Current,Restricted,Yes
A-015,Low,Low,2025-06-12,0,No,Current,Internal,No
A-016,Low,Medium,2025-11-27,0,Yes,Current,Restricted,No
A-017,High,High,2026-06-19,2,Yes,Overdue,Restricted,No
A-018,Medium,High,2026-03-31,2,No,Overdue,Internal,No
A-019,Medium,Low,2026-03-21,0,No,Current,Internal,No
A-020,Low,Low,2026-02-12,0,Yes,Current,Internal,No
A-021,Medium,Low,2026-01-16,0,No,Current,Internal,No
A-022,High,Low,2026-05-10,0,No,Current,Internal,No
A-023,Medium,High,2026-06-28,1,Yes,Pending,External,No
A-024,High,Low,2026-04-21,0,Yes,Current,Internal,No
A-025,Medium,Low,2026-03-28,0,Yes,Current,Restricted,No
A-026,Medium,High,2025-11-13,1,Yes,Overdue,Internal,Yes
A-027,Medium,High,2025-11-16,1,Yes,Overdue,Internal,No
A-028,Medium,Low,2025-10-25,0,No,Current,Internal,No
A-029,Medium,High,2025-12-22,1,Yes,Pending,Internal,Yes
A-030,Medium,High,2025-11-20,3,Yes,Overdue,Restricted,No
A-031,Medium,High,2026-06-17,1,Yes,Overdue,Restricted,No
A-032,Low,High,2025-12-24,1,Yes,Pending,Restricted,No
A-033,Critical,Medium,2026-06-24,1,No,Pending,Internal,No
A-034,Medium,High,2026-01-22,1,Yes,Overdue,Internal,No
A-035,Medium,Low,2025-10-28,0,Yes,Current,Internal,No
A-036,High,Low,2026-02-21,0,No,Current,Internal,No
A-037,High,Medium,2026-07-07,1,No,Overdue,Internal,No
A-038,Medium,High,2026-01-23,2,Yes,Overdue,Restricted,No
A-039,Medium,Medium,2026-05-18,0,Yes,Current,Restricted,Yes
A-040,High,High,2026-02-07,1,Yes,Overdue,External,Yes
A-041,Critical,Medium,2026-06-30,1,No,Pending,Internal,No
A-042,Medium,High,2025-10-13,1,No,Overdue,External,Yes
A-043,Low,Low,2025-11-26,0,Yes,Current,Internal,No
A-044,High,Medium,2026-05-28,0,Yes,Current,External,Yes
A-045,Medium,Medium,2026-02-04,1,No,Pending,Internal,No
A-046,Medium,High,2026-02-20,2,No,Overdue,Internal,No
A-047,Low,Low,2026-04-24,0,No,Current,Restricted,No
A-048,Low,Medium,2026-04-23,1,Yes,Pending,Internal,No
A-049,Low,High,2025-11-30,1,Yes,Pending,External,No
A-050,High,High,2026-04-13,1,Yes,Pending,Internal,Yes
A-051,Medium,High,2026-05-30,1,Yes,Overdue,Internal,No
A-052,High,Medium,2026-03-29,1,Yes,Pending,Internal,No
A-053,Medium,High,2026-02-28,1,Yes,Pending,Internal,Yes
A-054,Low,Low,2026-04-21,0,Yes,Current,Internal,No
A-055,Medium,High,2025-12-18,2,Yes,Overdue,Restricted,No
A-056,Medium,Low,2026-06-08,0,No,Current,Internal,No
A-057,Medium,High,2025-12-27,2,No,Overdue,Restricted,No
A-058,High,High,2026-04-09,1,No,Overdue,Internal,Yes
A-059,Low,Medium,2026-03-14,0,Yes,Current,Internal,Yes
A-060,Low,Low,2026-06-18,0,Yes,Current,Internal,No
A-061,Medium,Low,2025-10-12,0,No,Current,Internal,No
A-062,High,Medium,2026-07-21,1,Yes,Pending,Internal,Yes
A-063,High,High,2026-05-21,3,Yes,Overdue,Internal,Yes
A-064,Medium,Low,2026-05-16,0,Yes,Current,Internal,No
A-065,Critical,High,2026-07-01,2,Yes,Overdue,Restricted,Yes
A-066,Medium,Low,2026-06-08,0,No,Current,Internal,No
A-067,Medium,High,2026-02-24,1,Yes,Overdue,Internal,No
A-068,Low,Low,2025-11-24,0,Yes,Current,Internal,No
A-069,Low,High,2026-02-06,1,Yes,Overdue,Internal,No
A-070,Critical,Medium,2026-06-14,1,No,Overdue,Internal,No
A-071,Low,Medium,2026-05-06,2,No,Overdue,Internal,No
A-072,Low,Low,2025-09-16,0,No,Current,Internal,No
A-073,Medium,High,2025-11-28,1,Yes,Overdue,Internal,No
A-074,Medium,Low,2025-11-02,0,No,Current,Internal,No
A-075,Medium,Medium,2025-11-18,1,No,Overdue,Internal,No
A-076,Medium,Low,2026-06-21,0,Yes,Current,Internal,No
A-077,Medium,High,2026-07-20,1,No,Overdue,Restricted,No
A-078,Medium,High,2025-10-28,2,Yes,Pending,Restricted,No
A-079,Medium,High,2026-06-08,1,Yes,Pending,Internal,Yes
A-080,Low,High,2026-02-02,1,No,Pending,External,No
A-081,Medium,Medium,2026-04-06,2,No,Pending,Restricted,No
A-082,High,Low,2026-05-28,0,Yes,Current,Internal,No
A-083,Medium,Low,2026-04-12,0,No,Current,Internal,No
A-084,Low,Low,2025-10-05,0,No,Current,Internal,No
A-085,Medium,Low,2025-11-17,0,No,Current,Internal,No
A-086,High,Low,2026-03-03,0,No,Current,Restricted,No
A-087,Medium,High,2026-04-09,2,No,Overdue,Internal,Yes
A-088,Medium,Medium,2026-04-04,1,No,Overdue,Internal,No
A-089,High,Medium,2026-05-29,1,No,Pending,Internal,No
A-090,Medium,Low,2025-10-25,0,Yes,Current,Internal,No
A-091,High,Low,2026-06-28,0,Yes,Current,Internal,No
A-092,High,Low,2026-04-25,0,Yes,Current,Internal,No
A-093,Medium,Medium,2026-05-30,1,Yes,Pending,Internal,No
A-094,High,High,2026-04-07,2,Yes,Pending,Restricted,Yes
A-095,Medium,Low,2026-06-11,0,No,Current,Internal,No
A-096,Medium,Low,2025-10-09,0,No,Current,Internal,No
A-097,Critical,Medium,2026-06-22,1,No,Overdue,Internal,No
A-098,Critical,High,2026-06-17,1,No,Overdue,Restricted,No
A-099,Medium,Medium,2025-11-05,0,Yes,Current,Restricted,No
A-100,Medium,Medium,2026-04-07,0,Yes,Current,Internal,Yes
A-101,Low,Low,2026-02-06,0,No,Current,Internal,No
A-102,Critical,Medium,2026-05-13,2,No,Pending,Internal,No
A-103,Medium,Medium,2026-06-16,0,Yes,Current,Restricted,Yes
A-104,Low,High,2025-12-07,1,No,Overdue,Internal,No
A-105,Medium,High,2026-05-24,1,Yes,Overdue,Internal,No
A-106,Medium,Medium,2026-02-25,0,No,Current,External,No
A-107,Medium,Low,2026-05-26,0,Yes,Current,Internal,No
A-108,Medium,Low,2025-11-11,0,Yes,Current,Internal,No
A-109,High,High,2026-05-21,2,No,Overdue,Restricted,No
A-110,Critical,High,2026-05-07,2,No,Overdue,External,No
A-111,Medium,Low,2025-10-02,0,Yes,Current,Internal,No
A-112,Medium,High,2025-11-14,2,Yes,Pending,External,No
A-113,Medium,High,2026-07-24,2,Yes,Overdue,Internal,No
A-114,Medium,High,2025-12-17,1,No,Overdue,Internal,No
A-115,High,Medium,2026-07-16,1,Yes,Pending,Internal,No
A-116,Medium,Medium,2026-03-15,1,No,Pending,Internal,Yes
A-117,Medium,Low,2026-04-11,0,No,Current,Internal,No
A-118,Low,Medium,2026-03-01,0,Yes,Current,Internal,Yes
A-119,Low,Medium,2025-11-18,0,No,Current,Restricted,Yes
A-120,Medium,Low,2026-03-10,0,No,Current,Internal,No
A-121,High,High,2026-05-30,2,Yes,Overdue,Restricted,No
A-122,High,High,2026-02-28,2,No,Overdue,Restricted,No
A-123,Low,Low,2026-04-17,0,No,Current,Internal,No
A-124,Low,High,2025-11-06,1,No,Overdue,Internal,No
A-125,Medium,High,2025-10-12,1,Yes,Overdue,Internal,No
A-126,Low,High,2025-08-10,1,No,Overdue,Internal,No
A-127,Medium,Low,2026-04-02,0,No,Current,Internal,No
A-128,High,High,2026-05-10,2,Yes,Pending,Internal,No
