Role,Participants,Lane,Task,Tables,Deliverable
Cyber Security Incident Preparedness Specialist,1,Investigation and readiness,Rebuild the A-001 vendor session (2026-07-30) and login burst (2026-08-14) from the raw logs; write supports / contradicts / unknown; list gaps vs the incident triage runbook,"security_auth_logs, security_controller_commands, security_alerts, security_incidents",One-page timeline + five missing data sources
Applications Delivery and Support - Plant Support,1,Assets and systems needing attention,"Assets with urgent open work and open security issues, grouped by system and unit","asset_priority_view, asset_security",Top five systems with one support action each
Senior IT Cyber Security Assurance and Risk Specialist,1,Control gaps and risk ranking,Open vulnerabilities past SLA by severity using patch standard V2; show why draft V3D cannot be used; check access review vs remote access policy,"security_vulnerabilities, security_access_review, security_documents",Top ten risks with evidence and policy clause
Technical Security Services Lead,1,Detection engineering,Tune the failed-login threshold; review alert noise by rule; turn a tree rule into a detection,"security_alerts, security_log_windows","Threshold per rule with recall, precision, daily alert volume"
Integration Lead,1,"Joins, lineage, interfaces","Rebuild window features from raw logs and prove they match; sketch the feed from SIEM, historian and asset system","security_auth_logs, security_network_flows, security_log_windows","Join keys, refresh cadence, three data quality checks"
Software Development Lead,1,Model and code quality,Add a feature and retrain; explain the time-based split; wrap scoring in a tested function,security_log_windows,"Function, two tests, drift note"
Applications Delivery Specialist - Corporate,3,Corporate application and access view,"Access matrix of roles, zones and MFA; accounts that should not exist","security_accounts, security_auth_logs",Access matrix + three accounts to review first
Cyber Security Project Manager,1,Prioritisation and remediation plan,Four-week remediation plan respecting OT maintenance windows,"asset_priority_view, security_vulnerabilities","Plan with owners, dates, dependencies, top three risks"
Head of OT Cyber Security Assurance and Risk,1,Assurance and governance,Review controller changes without ticket or outside window; choose five controls to audit; write the AI boundary statement,"security_controller_commands, security_alerts",Assurance questions + boundary statement
Senior OT Cyber Security Assurance and Risk Specialist,1,OT risk on critical assets,Critical assets with Restricted or External exposure; A-001 risk statement,"asset_security, asset_360, security_vulnerabilities",A-001 risk statement with the human decision required
PM Delivery Specialist - Plant Operations,2,Operations meets security,"What each flagged asset needs from operations (window, shutdown, spare); ranked schedule","asset_priority_view, work_orders",One-page schedule for top five assets
Senior Domain Architect Specialist - Corporate,1,Architecture,Data flow from gateway to log to feature to model to analyst with trust boundaries and mandatory human approvals,security_network_zones,One-page diagram + three architectural risks
